ID,Name,GUID,IsLive,EmployeesAreEmailable,BookingTeamEmail,BookingTeamEmailSecondary,ClientTerm,ProjectTerm,EmployeeVantageNoRequired,EmployeeNiNumberRequired,EmployeeNumberRequired,ShowAccommodation,ShowRechargeableToClient,ShowCapeCost,ShowReasonForTraining,ShowMealAllowance,ShowEmployeeExpenses,ShowProjectOnBooking,BookingAbbreviation,RequestFormType,SendTravelEmail,EmployeeWBSNumberRequired,EmployeePersonTypeRequired,ShowLeaversOnDashboard,ShowPreMobOnDashboard,SendRequestEmailsToBooker,ShowEmployeeMergeTool,TPCAccommodationTravelDeskOptions,TMSCompany,Hostname,CMSEnabled,ShowComplianceOnDashboard,ShowBudget,ResetPasswordTimeout,InitialPasswordTimeout,RecertReminderDaysOne,RecertReminderDaysTwo,RecertReminderDaysThree,ShowAbsences,CanBatchUpdateRequests,RecertEmails,SendSevenDayRecert,SevenDayRecertEmail,SendRequestEmailToManager,TeamTerm,ShowAge,ShowTCONumber,IsFixedNOKNumber,ShowMedicalCertificate,NINumberTerm,EmployeeNumberTerm,ShowCostCentre,ShowDelegateType,ShowReskin,AllowMandatoryCourseApprovals,ShowEmployeeReskin,AutoArchiveLeaver,ShowNOK,UseTopLevelCourseFiltering,TcmpCustomerId,ShowDOB,SendRecertEmailToEmployee,HealthStatusTerm,NewStarterPeriodLength,ShowComplianceReportSimplified,ShowWageReport,CanTAMakeRequests,ShowEventTracker,EventTrackerTitle,TransformTenantId,EnableAdminSso,EnableTASso,EnableEmployeeSso,ShowIsReimbursable,ReadOnlyEmployees,ShowEmployeeHelp,LeaverEmails,CheckNotOnRota,UseAdditionalAccommodationInfo,ShowMandatoryPreApproved,ShowJobRoleQualifiedPercentage,AutoCompleteTaskManagement,BusinessStreamTerm,ShowBusinessStream,ExternalReportURL,UseExternalReminderLink,UseGaps,ExternalBookingFormEnabled,GapReminderEmails,RecertReminderDaysFour,AllowDelegateBooking,ShowDeviationEnhancements,DeviationReminderRecipient,ShowRequestTimePending,UseConfiguredCancellationReasons,AllowCustomITPBookingTimes,DoNotCountNomination,CountNominationAs100,SendJIsFiveDaysBeforeEnabled,SendJIsFiveDaysBeforeRecipients,MandatoryPreApprovedSummaryEnabled,MandatoryPreApprovedSummaryRecipients,RemindersForAllCourses5DaysBeforeEnabled,RemindersForAllCourses5DaysBeforeRecipients,PendingRequestsReminder24HoursEnabled,PendingRequestsReminder24HoursRecipients,RequestsNotBookedReminder24HoursEnabled,RequestsNotBookedReminder24HoursRecipients,DeviationRecipientName,RequestForApprovalRecipients,DateChangeNotificationRecipients,BookingCancellationNotificationRecipients,PassedStatusChangedRecipients,NoShowAlertRecipients,RequestApprovedRecipients,RequestDeclinedRecipients,IndividualGapReminderRecipients,GroupGapReminderRecipients,NewJobRoleAssignedRecipients,EmployeeLockedOutRecipients,EmployeeNewlyAddedRecipients,EmployeesCouldNotBeMergedRecipients,ClientsAndProjectsAddedRecipients,DeviationApprovedRecipients,JoiningInstructionsRecipients,AccommodationRequiredRecipients,ThirdPartyCourseBookedRecipients,SyncCompleteRecipients,DateChangeRequestNotificationRecipients,CancellationRequestNotificationRecipients,EmployeeWelcomeEmailRecipients,EmployeePasswordResetRecipients,AbsenceForApprovalRecipients,MatrixCourseAddedRecipients,RecertsDaysFourRecipients,ShowAISResponsibilityOnMatrix,AccommodationRequiredFrom,CalcuateTrainingMatrix,ShowCourseHoursField,ShowSupplierAsAutoSuggest,CurrencySymbol,ShowClientProjectPowerBIOptions,ShowSimpleCreateTPBookingForm,CertsOverrideDeviations,ShowFinanceReport,AutomatedReportRecipients,RequestMessageTop,RequestMessageBottom,ShowSupplierOnEmployeeTPBookingForm,AllowNotBookableOnDashboard,ShowMatrixComplianceAllRequirementsReport,ResultsPerListing,DetailedEmailSignoff,UseWorkPlaceTMSInfo,UseSecondaryExternalID,ShowPrimaryJobRoleOnDelegateProfileByDefault,ShowCourseSupplierCodes,ShowLatestBookingsOnDashboard,ShowCoursesThisWeekOnDashboard,ShowReCertsOnDashboard,ShowNewStartersOnDashboard,ShowBookingsThisWeekOnDashboard,ExpenseCodeActive,ExpenseCodeName,EmployeeRequestLikeBooking,TopLevelCourseBookingRequestEmail,bookingMessage,DefaultThirdPartySupplier,NetworkNumberTerm,ShowEmployeeNumberOnBookings,ShowEmployeeNumberOnRequests,ShowProjectOnRequestForm,AutomatedReportRecipientsCC,NewStarterUseRegisteredDate,ShowEmploymentCompany,ShowContractingCompany,ShowCourseComplianceReport,DefaultPassword,ShowTrainingProvider,AutofillProjectCodeWithReimbursableCode,AutoArchiveExpired,SendToProjectEmail,UseMintraOrganizationUnitManagement,DelegateStatusChangedNotificationsEnabled,DelegateStatusChangedNotificationRecipients,AzureSignIn,AzureTenantId,EnableSAPJobRoleIDs,ManagedByExternalHR,SetNoShowsToBook,ShowCertExpiryDateOnMatrix,CertExpiryAmberDays,RecertReminderCCRecipient,FormBuilderTenantId,UseFormBuilderDeviationForm,FormBuilderDeviationFormId,WeeklyCourseStatusReportRecipients,MandatoryPrereqCheckbox,ShowCertAwardedDateOnMatrix,ShowEmployeeTrainingHistory,NewEmployeesReceiveEmails,CertificateExtractPageEnabled,AutoPopulateDelegateEmailOnCourseBookingForm,JoiningInstructionsDefaultRecipientEmail,AutoPopulateCMPPONumber,IsCertRelatedBookingMandatory,CertUploadReminder,CertUploadReminderEmail,SendExpiringCertificatesReport,SendExpiringCertificatesReportDate,OnlyPrimaryJobRoleOnMatrixComplianceReports,UseAlternativeFormBuilderDeviationNotification,UseExternalCourseID,UseSkillsVXCourse,SetFailedBookingsToBook,SetExpiredBookingsToBook,InternalSupplierTerm,InternalTPSbookingRecipients,InternalTPSbookingEmailNotificationEnabled,ShowProjectOnEmail
1,Altrad,8967201b-7a88-4975-a723-28d6324df6a3,1,0,tms@aisgroup.co.uk,tms@aisgroup.co.uk,Site,Project Number,0,1,0,1,1,1,1,1,1,1,CP,1,0,1,1,1,1,0,1,0,AltradServicesLtd,altrad,0,0,0,1,8,120,90,60,0,0,tms@aisgroup.co.uk,0,,0,Team,0,0,0,0,NI Number,Employee Number,0,0,1,0,1,1,0,0,2d58701f-c31d-4d2b-92e4-7ec589add636,1,1,Health Status,30,0,0,1,1,Toolbox Talks,a5708b0c-959f-41ac-f884-08d83863c80e,0,0,0,1,0,0,,0,0,0,0,0,Business Stream,0,,0,1,1,,30,1,0,,1,0,1,0,0,1,,1,tms@aisgroup.co.uk,1,,1,tms@aisgroup.co.uk,1,tms@aisgroup.co.uk,,,,,,tms@aisgroup.co.uk,tms@aisgroup.co.uk,tms@aisgroup.co.uk,,,,tms@aisgroup.co.uk,,tms@aisgroup.co.uk,tms@aisgroup.co.uk,tms@aisgroup.co.uk,,tms@aisgroup.co.uk,tms@aisgroup.co.uk,,tms@aisgroup.co.uk,tms@aisgroup.co.uk,,,,,,0,,0,1,0,£,0,0,0,0,NULL,NULL,NULL,1,0,0,20,0,1,0,0,0,1,1,1,1,1,0,Expense Code,0,,,825,Network Number,0,0,0,NULL,1,0,0,0,NULL,1,0,1,0,0,0,,0,,0,0,0,0,90,,NULL,0,NULL,,1,0,1,0,0,1,NULL,0,1,2,thirdpartycerts@aisgroup.co.uk,0,1,0,0,0,0,0,0,Altrad,,0,0
2,AIS Demo,3c4659c9-05da-4f6d-9eb6-a3026da6d909,1,0,rob.dixon@3tenergygroup.com,rob.dixon@3tenergygroup.com,Client,Project,0,0,1,0,0,0,0,0,0,0,AIS,1,0,1,1,1,1,0,1,0,NULL,tms-pro-demo,0,0,0,1,8,120,90,60,0,0,rob.dixon@3tenergygroup.com,0,,0,Team,0,0,0,0,NI Number,Employee Number,0,0,0,0,0,0,1,0,4132d868-7427-4c68-a5fe-7a247ef90428,1,1,Health Status,30,0,0,1,0,Event Tracker,75d56251-940f-4eeb-5db2-08d818413b0a,0,0,0,1,0,0,,0,0,0,0,0,Business Stream,0,NULL,0,1,1,,30,1,0,,1,0,1,0,0,1,,1,rob.dixon@3tenergygroup.com,1,,1,rob.dixon@3tenergygroup.com,1,rob.dixon@3tenergygroup.com,,,,,,rob.dixon@3tenergygroup.com,rob.dixon@3tenergygroup.com,rob.dixon@3tenergygroup.com,,,rob.dixon@3tenergygroup.com,rob.dixon@3tenergygroup.com,rob.dixon@3tenergygroup.com,rob.dixon@3tenergygroup.com,rob.dixon@3tenergygroup.com,rob.dixon@3tenergygroup.com,,rob.dixon@3tenergygroup.com,rob.dixon@3tenergygroup.com,,rob.dixon@3tenergygroup.com,rob.dixon@3tenergygroup.com,,,,,,0,,0,1,0,?,0,0,0,0,NULL,NULL,NULL,1,0,0,5,0,1,0,0,0,1,1,1,1,1,0,Expense Code,0,NULL,NULL,0,Network Number,0,0,0,NULL,1,0,0,0,NULL,1,0,0,0,0,0,,0,NULL,0,0,0,0,90,,NULL,0,NULL,,0,0,0,0,0,1,NULL,0,1,1,thirdpartycerts@aisgroup.co.uk,0,1,0,0,0,0,0,0,AIS,,0,0
3,Serica,a908eed0-8443-474e-8bcf-0c6198659aa3,1,1,deborah.murray@serica-energy.com,serica@aisgroup.co.uk,Client,Location/Site,0,0,1,0,0,0,0,0,0,0,SE,1,0,0,0,0,0,0,1,0,SericaEnergy(TMS),serica,1,0,0,1,8,120,90,60,0,0,,0,,0,Team,0,0,0,0,NI Number,Employee Number,0,0,1,1,1,0,1,0,dcf2877d-753b-4a86-8f0e-f48ead29d265,1,1,Health Status,30,1,0,1,0,Event Tracker,4d7b3673-24ef-48df-894f-08d813af1457,0,0,0,1,0,1,serica@aisgroup.co.uk,0,0,0,0,0,Business Stream,0,,0,1,1,,30,1,0,",",0,0,1,0,0,1,,1,serica@aisgroup.co.uk,1,,1,deborah.murray@serica-energy.com,1,deborah.murray@serica-energy.com,,,,,,serica@aisgroup.co.uk,deborah.murray@serica-energy.com,serica@aisgroup.co.uk,,,deborah.murray@serica-energy.com,serica@aisgroup.co.uk,serica@aisgroup.co.uk,serica@aisgroup.co.uk,serica@aisgroup.co.uk,serica@aisgroup.co.uk,,deborah.murray@serica-energy.com,,,deborah.murray@serica-energy.com,deborah.murray@serica-energy.com,,,,,,0,,0,1,0,£,0,0,0,0,NULL,NULL,NULL,1,0,1,5,0,1,0,0,0,1,1,1,1,1,0,Expense Code,0,,,823,Network Number,0,0,0,NULL,1,0,0,1,NULL,1,0,1,0,0,0,,0,,0,0,0,1,90,,NULL,0,NULL,,1,0,1,0,0,1,,0,1,1,thirdpartycerts@aisgroup.co.uk,0,1,0,0,0,0,0,0,Serica,,0,0
4,Bilfinger,1510774c-34f5-420d-99d0-9e50dd28e567,1,0,Aberdeen.training@aisgroup.co.uk,Aberdeen.training@aisgroup.co.uk,Client,Project,0,0,1,0,0,0,0,0,0,0,BI,2,1,1,1,1,1,1,1,1,BilfingerSalamis,bilfinger,0,0,0,1,8,120000000,9000000,6000000,0,0,,0,,0,Team,0,0,0,0,NI Number,Employee Number,0,0,1,0,1,0,1,0,3a80482c-6a9d-47de-a9e6-e975ccffc40f,1,0,Health Status,30,0,1,1,0,Event Tracker,c6ea6a1f-60fd-4bfc-f883-08d83863c80e,0,0,0,1,0,0,aberdeen.training@aisgroup.co.uk,0,0,0,0,0,Business Stream,0,,0,1,1,,3000000,1,0,,1,0,1,0,0,1,,1,Aberdeen.training@aisgroup.co.uk,1,,1,Aberdeen.training@aisgroup.co.uk,1,Aberdeen.training@aisgroup.co.uk,,,,Aberdeen.training@aisgroup.co.uk,,Aberdeen.training@aisgroup.co.uk,Aberdeen.training@aisgroup.co.uk,Aberdeen.training@aisgroup.co.uk,,,Aberdeen.training@aisgroup.co.uk,Aberdeen.training@aisgroup.co.uk,Aberdeen.training@aisgroup.co.uk,Aberdeen.training@aisgroup.co.uk,Aberdeen.training@aisgroup.co.uk,Aberdeen.training@aisgroup.co.uk,,Aberdeen.training@aisgroup.co.uk,Aberdeen.training@aisgroup.co.uk,,Aberdeen.training@aisgroup.co.uk,Aberdeen.training@aisgroup.co.uk,,,,,,0,,0,1,0,£,0,0,0,0,NULL,NULL,NULL,1,0,0,20,0,1,0,0,0,1,1,1,1,1,0,Expense Code,0,,,825,Network Number,0,0,0,NULL,1,0,0,0,NULL,1,0,1,0,0,0,,0,,0,0,0,0,90,,NULL,0,NULL,,1,0,1,0,1,1,,0,1,1,thirdpartycerts@aisgroup.co.uk,0,1,0,0,0,0,0,0,Bilfinger,,0,0
5,Baker Hughes,c6ad8cd2-0d0a-42ef-b135-25c88d585343,1,0,bakerhughes@aisgroup.co.uk,bakerhughes@aisgroup.co.uk,Location,Shift Name,0,1,0,0,0,0,0,0,0,0,BH,1,0,0,0,1,0,0,1,0,BakerHughes(TMS),bakerhughes,0,0,0,1,8,120,90,60,0,1,bakerhughes@aisgroup.co.uk,0,,0,Team,0,0,0,0,Baker Hughes ID,Employee Number,0,0,1,1,1,0,1,0,c4dde57c-fe60-44ae-9704-2e3d980af012,1,1,Health Status,30,1,0,1,0,Event Tracker,1e4b8b45-bc69-4434-f885-08d83863c80e,0,0,0,1,0,0,,0,0,0,0,0,Business Stream,0,,0,1,1,,30,1,0,,1,0,1,0,0,0,,1,bakerhughes@aisgroup.co.uk,1,,1,bakerhughes@aisgroup.co.uk,1,bakerhughes@aisgroup.co.uk,,,,,,bakerhughes@aisgroup.co.uk,bakerhughes@aisgroup.co.uk,bakerhughes@aisgroup.co.uk,,,bakerhughes@aisgroup.co.uk,bakerhughes@aisgroup.co.uk,bakerhughes@aisgroup.co.uk,bakerhughes@aisgroup.co.uk,bakerhughes@aisgroup.co.uk,bakerhughes@aisgroup.co.uk,,bakerhughes@aisgroup.co.uk,bakerhughes@aisgroup.co.uk,,bakerhughes@aisgroup.co.uk,bakerhughes@aisgroup.co.uk,,,,,,0,,0,1,0,£,0,0,0,0,NULL,NULL,NULL,1,0,0,20,0,1,0,0,0,1,1,1,1,1,0,Expense Code,0,,,823,Network Number,0,0,0,NULL,1,0,0,1,NULL,1,0,1,0,0,0,,0,,0,0,0,0,90,,NULL,0,NULL,,0,0,1,0,0,0,"bakerhughes@aisgroup.co.uk ",0,1,1,thirdpartycerts@aisgroup.co.uk,0,1,0,0,1,0,0,0,AIS,,0,0
6,PX Group,fbb22205-8adc-48a2-8c40-e4c8ef6a0880,1,0,pxgroup@aisgroup.co.uk,pxgroup@aisgroup.co.uk,Site,Department,0,0,0,0,0,0,0,0,0,0,PX,1,0,0,0,1,0,0,1,0,PX Limited (TMS),pxgroup,0,0,1,1,8,182,90,60,1,1,pxgroup@aisgroup.co.uk,0,,0,Team,0,0,0,0,NI Number,Employee Number,0,0,1,0,1,0,1,0,ace1d2b9-c7df-40fa-8910-6f0e291536cc,1,1,Health Status,30,1,0,1,0,Event Tracker,79d1e9d1-4358-4c4c-f886-08d83863c80e,0,0,0,1,0,0,,0,0,0,0,0,Business Stream,0,,0,1,1,,30,1,0,,1,0,1,0,0,1,,1,pxgroup@aisgroup.co.uk,1,,1,pxgroup@aisgroup.co.uk,1,pxgroup@aisgroup.co.uk,,,,,,pxgroup@aisgroup.co.uk,pxgroup@aisgroup.co.uk,pxgroup@aisgroup.co.uk,,,pxgroup@aisgroup.co.uk,pxgroup@aisgroup.co.uk,pxgroup@aisgroup.co.uk,pxgroup@aisgroup.co.uk,pxgroup@aisgroup.co.uk,pxgroup@aisgroup.co.uk,,pxgroup@aisgroup.co.uk,pxgroup@aisgroup.co.uk,,pxgroup@aisgroup.co.uk,pxgroup@aisgroup.co.uk,,,,,,0,,0,1,0,£,0,0,0,0,NULL,NULL,NULL,1,0,0,5,0,1,0,0,0,1,1,1,1,1,0,Expense Code,0,,,826,Network Number,0,0,0,NULL,1,0,0,0,NULL,1,0,1,0,0,0,,0,,0,0,0,0,90,,NULL,0,NULL,,1,0,1,0,0,1,,0,1,1,thirdpartycerts@aisgroup.co.uk,0,1,0,0,0,0,0,0,"PX ",,0,0
7,ROVOP,bee9bb80-4214-49f7-81ff-c6541044ac80,1,0,tms@aisgroup.co.uk,tms@aisgroup.co.uk,Client,Project,0,0,0,0,0,0,0,0,0,0,RV,1,0,0,0,1,0,0,1,0,ROVOP (TMS),rovop,0,0,0,1,8,120,90,60,0,0,tms@aisgroup.co.uk,0,,0,Team,0,0,0,0,NI Number,Employee Number,0,0,0,0,0,0,1,0,NULL,1,1,Health Status,30,0,0,1,0,Event Tracker,NULL,0,0,0,1,0,0,,0,0,0,0,0,Business Stream,0,NULL,0,1,0,,30,1,0,,1,0,1,0,0,1,,1,tms@aisgroup.co.uk,1,,1,tms@aisgroup.co.uk,1,tms@aisgroup.co.uk,,,,,,tms@aisgroup.co.uk,tms@aisgroup.co.uk,tms@aisgroup.co.uk,,,tms@aisgroup.co.uk,tms@aisgroup.co.uk,tms@aisgroup.co.uk,tms@aisgroup.co.uk,tms@aisgroup.co.uk,tms@aisgroup.co.uk,,tms@aisgroup.co.uk,tms@aisgroup.co.uk,,tms@aisgroup.co.uk,tms@aisgroup.co.uk,,,,,,0,,0,1,0,?,0,0,0,0,NULL,NULL,NULL,1,0,0,5,0,1,0,0,0,1,1,1,1,1,0,Expense Code,0,NULL,NULL,823,Network Number,0,0,0,NULL,1,0,0,0,NULL,1,0,0,0,0,0,,0,NULL,0,0,0,0,90,,NULL,0,NULL,,0,0,0,0,0,1,NULL,0,1,1,thirdpartycerts@aisgroup.co.uk,0,1,0,0,0,0,0,0,AIS,,0,0
8,TAQA,dd95b97b-8ca7-4da3-abd8-7ac82d13abce,1,1,training.uk@taqaglobal.com,training.uk@taqaglobal.com,Asset/Directorate,Team/Department,0,0,0,1,0,0,0,0,0,0,TQ,1,0,0,0,1,0,0,1,1,Taqa Global,taqa,0,0,0,1,8,120,90,60,0,0,training.uk@taqaglobal.com,0,,0,Shift/Discipline,0,0,0,1,NI Number,Employee Number,0,0,1,1,1,0,1,1,fac6bf1b-ad11-4651-850a-1746c9057a98,1,1,Health Status,30,1,0,0,0,Event Tracker,d48619da-be64-4e27-f887-08d83863c80e,0,0,0,0,0,0,training.uk@taqaglobal.com,0,0,0,0,0,Business Stream,0,,0,1,1,training.uk@taqaglobal.com,30,1,0,,1,0,1,1,0,0,,1,training.uk@taqaglobal.com,0,,1,training.uk@taqaglobal.com,1,training.uk@taqaglobal.com,,,,training.uk@taqaglobal.com,,training.uk@taqaglobal.com,training.uk@taqaglobal.com,training.uk@taqaglobal.com,,,training.uk@taqaglobal.com,training.uk@taqaglobal.com,training.uk@taqaglobal.com,training.uk@taqaglobal.com,training.uk@taqaglobal.com,training.uk@taqaglobal.com,,training.uk@taqaglobal.com,training.uk@taqaglobal.com,,training.uk@taqaglobal.com,training.uk@taqaglobal.com,,,,,training.uk@taqaglobal.com,0,,0,1,0,£,0,1,0,0,NULL,NULL,NULL,1,0,0,5,0,1,0,1,0,1,1,1,1,1,0,Expense Code,0,training.uk@taqaglobal.com,,823,Network Number,0,0,0,NULL,1,0,0,0,NULL,1,0,1,0,0,0,,0,,0,0,0,0,90,training.uk@taqaglobal.com,NULL,0,NULL,,0,0,1,0,0,1,NULL,0,1,1,thirdpartycerts@aisgroup.co.uk,0,1,0,0,0,0,0,0,Taqa,,0,0
9,Bluewhale Offshore Onboard Training,e3bf2caf-8714-49c9-b68e-9b8ea848b000,1,0,tms@aisgroup.co.uk,tms@aisgroup.co.uk,Client,Project,0,0,0,0,0,0,0,0,0,0,BW,1,0,0,0,1,0,0,1,0,Bluewhale Offshore Onboard Training,bluewhale,0,0,0,1,8,120,90,60,0,0,tms@aisgroup.co.uk,0,,0,Team,0,0,0,0,NI Number,Employee Number,0,0,0,0,0,0,1,0,NULL,1,1,Health Status,30,0,0,1,0,Event Tracker,NULL,0,0,0,1,0,0,,0,0,0,0,0,Business Stream,0,NULL,0,1,0,,30,1,0,,1,0,1,0,0,1,,1,tms@aisgroup.co.uk,1,,1,tms@aisgroup.co.uk,1,tms@aisgroup.co.uk,,,,,,tms@aisgroup.co.uk,tms@aisgroup.co.uk,tms@aisgroup.co.uk,,,tms@aisgroup.co.uk,tms@aisgroup.co.uk,tms@aisgroup.co.uk,tms@aisgroup.co.uk,tms@aisgroup.co.uk,tms@aisgroup.co.uk,,tms@aisgroup.co.uk,tms@aisgroup.co.uk,,tms@aisgroup.co.uk,tms@aisgroup.co.uk,,,,,,0,,0,1,0,?,0,0,0,0,NULL,NULL,NULL,1,0,0,5,0,1,0,0,0,1,1,1,1,1,0,Expense Code,0,NULL,NULL,0,Network Number,0,0,0,NULL,1,0,0,0,NULL,1,0,0,0,0,0,,0,NULL,0,0,0,0,90,,NULL,0,NULL,,0,0,0,0,0,1,NULL,0,1,1,thirdpartycerts@aisgroup.co.uk,0,1,0,0,0,0,0,0,AIS,,0,0
10,KAEFER,239df47a-7990-4584-b2f6-e086cda08a1a,1,0,kaefer@aisgroup.co.uk,kaefer@aisgroup.co.uk,Client,Project,0,0,0,0,0,0,0,0,0,0,KF,1,0,0,0,1,0,0,1,0,Kaefer C&D (TMS),kaefer,0,0,0,1,8,120,90,60,1,1,"kaefer@aisgroup.co.uk,traininguk1@kaefer.com",1,Kelly.Hurton@kaefer.com,0,Team,0,0,0,0,NI Number,Employee Number,0,1,1,0,1,0,1,0,16b25e6e-9438-4c8b-ad3f-5f59b3217018,1,1,Health Status,30,0,0,1,0,Event Tracker,1dae170b-da1b-4195-f892-08d83863c80e,0,0,0,1,0,0,,0,0,0,0,0,Business Stream,0,,0,1,1,,30,1,0,",",1,0,1,0,0,1,,1,kaefer@aisgroup.co.uk,1,,1,kaefer@aisgroup.co.uk,1,kaefer@aisgroup.co.uk,,,,,,kaefer@aisgroup.co.uk,kaefer@aisgroup.co.uk,kaefer@aisgroup.co.uk,,,kaefer@aisgroup.co.uk,kaefer@aisgroup.co.uk,kaefer@aisgroup.co.uk,kaefer@aisgroup.co.uk,kaefer@aisgroup.co.uk,kaefer@aisgroup.co.uk,,kaefer@aisgroup.co.uk,kaefer@aisgroup.co.uk,,kaefer@aisgroup.co.uk,kaefer@aisgroup.co.uk,,,,,,0,,0,1,0,£,0,0,0,0,NULL,NULL,NULL,1,0,0,5,0,1,0,0,0,1,1,1,1,1,0,Expense Code,0,,,823,Network Number,0,0,0,NULL,1,0,0,0,NULL,1,0,1,0,0,0,,0,,0,0,0,0,90,,NULL,0,NULL,,1,0,1,0,0,1,NULL,0,1,1,thirdpartycerts@aisgroup.co.uk,0,1,0,0,0,0,0,0,AIS,,0,0
11,Bilfinger UK,4fbd9dfb-58c1-4bbb-96cb-621ccc3786a2,1,0,bilfingeruk@aisgroup.co.uk,bilfingeruk@aisgroup.co.uk,Cost Centre,Client,0,0,1,0,0,0,0,0,0,0,BUK,1,1,1,0,1,1,1,1,0,Bilfinger Industrial Services UK Limited,bilfingeruk,0,0,0,1,8,120,90,60,0,1,,0,,0,Team,0,0,0,0,NI Number,Employee Number,0,0,1,0,1,0,1,0,5f84938d-addc-4564-942e-c8a21c30079b,1,0,Health Status,30,0,0,1,0,Event Tracker,7bb334e3-f03b-41eb-f888-08d83863c80e,0,0,0,1,0,0,,0,0,0,0,0,Business Stream,0,,0,1,1,,30,1,0,",",1,0,1,0,0,1,,1,bilfingeruk@aisgroup.co.uk,1,,1,bilfingeruk@aisgroup.co.uk,1,bilfingeruk@aisgroup.co.uk,,,,,,bilfingeruk@aisgroup.co.uk,bilfingeruk@aisgroup.co.uk,bilfingeruk@aisgroup.co.uk,,,bilfingeruk@aisgroup.co.uk,bilfingeruk@aisgroup.co.uk,bilfingeruk@aisgroup.co.uk,bilfingeruk@aisgroup.co.uk,bilfingeruk@aisgroup.co.uk,bilfingeruk@aisgroup.co.uk,,bilfingeruk@aisgroup.co.uk,bilfingeruk@aisgroup.co.uk,,bilfingeruk@aisgroup.co.uk,bilfingeruk@aisgroup.co.uk,,,,,,0,,0,1,0,£,0,0,0,0,NULL,NULL,NULL,1,0,0,20,0,1,0,0,0,1,1,1,1,1,0,Expense Code,0,,,823,Network Number,0,0,0,NULL,1,0,0,0,NULL,1,0,1,0,0,0,,0,,0,0,0,0,90,,NULL,0,NULL,,1,0,1,0,1,1,,0,1,1,thirdpartycerts@aisgroup.co.uk,0,1,0,0,0,0,0,0,AIS,,0,0
12,Access Coating,56756d8f-f8d4-447f-80b5-507d1024ab1b,1,0,tms@aisgroup.co.uk,tms@aisgroup.co.uk,Client,Project,0,0,0,0,0,0,0,0,0,0,AC,1,0,0,0,1,0,0,1,0,Access Coatings,accesscoating,1,0,0,1,8,120,90,60,0,0,tms@aisgroup.co.uk,0,,0,Team,0,0,0,0,NI Number,Employee Number,0,0,1,0,1,0,1,0,81032860-2709-4dad-bc5e-55e58bfc1d8d,1,1,Health Status,30,0,0,1,0,Event Tracker,c453fff2-6caf-4278-f889-08d83863c80e,0,0,0,1,0,0,,0,0,0,0,0,Business Stream,0,NULL,0,1,1,,30,1,0,,1,0,1,0,0,1,,1,tms@aisgroup.co.uk,1,,1,tms@aisgroup.co.uk,1,tms@aisgroup.co.uk,,,,,,tms@aisgroup.co.uk,tms@aisgroup.co.uk,tms@aisgroup.co.uk,,,tms@aisgroup.co.uk,tms@aisgroup.co.uk,tms@aisgroup.co.uk,tms@aisgroup.co.uk,tms@aisgroup.co.uk,tms@aisgroup.co.uk,,tms@aisgroup.co.uk,tms@aisgroup.co.uk,,tms@aisgroup.co.uk,tms@aisgroup.co.uk,,,,,,0,,0,1,0,?,0,0,0,0,NULL,NULL,NULL,1,0,0,5,0,1,0,0,0,1,1,1,1,1,0,Expense Code,0,NULL,NULL,0,Network Number,0,0,0,NULL,1,0,0,0,NULL,1,0,0,0,0,0,,0,NULL,0,0,0,0,90,,NULL,0,NULL,,0,0,0,0,0,1,NULL,0,1,1,thirdpartycerts@aisgroup.co.uk,0,1,0,0,0,0,0,0,AIS,,0,0
13,Kentech,6bbdfd37-447e-4e81-a98a-6b72341ca2a7,1,0,timothy.butler@kentech.com,timothy.butler@kentech.com,Client,Project,0,0,0,0,0,0,0,0,0,0,KT,1,0,0,0,1,0,0,1,0,Kentech,kentech,0,0,0,1,8,120,90,60,0,0,timothy.butler@kentech.com,0,,0,Team,0,0,0,0,NI Number,Employee Number,0,0,1,0,1,0,1,0,c2ddc35a-e658-4579-9a85-df6ae32046b1,1,1,Health Status,30,0,0,1,0,Event Tracker,ca30483e-78b8-4455-f88a-08d83863c80e,0,0,0,1,0,0,,0,0,0,0,0,Business Stream,0,,0,1,1,,30,1,0,,1,0,1,0,0,1,,1,timothy.butler@kentech.com,1,,1,timothy.butler@kentech.com,1,timothy.butler@kentech.com,,,,,,timothy.butler@kentech.com,timothy.butler@kentech.com,timothy.butler@kentech.com,,,timothy.butler@kentech.com,timothy.butler@kentech.com,timothy.butler@kentech.com,timothy.butler@kentech.com,timothy.butler@kentech.com,timothy.butler@kentech.com,,timothy.butler@kentech.com,timothy.butler@kentech.com,,timothy.butler@kentech.com,timothy.butler@kentech.com,,,,,,0,,0,1,0,$,0,0,0,0,NULL,NULL,NULL,1,0,0,5,0,1,0,0,0,1,1,1,1,1,0,Expense Code,0,NULL,NULL,823,Network Number,0,0,0,NULL,1,0,0,0,NULL,1,0,0,0,0,0,,0,NULL,0,0,0,0,90,,NULL,0,NULL,,0,0,0,0,0,1,NULL,0,1,1,thirdpartycerts@aisgroup.co.uk,0,1,0,0,0,0,0,0,AIS,,0,0
14,Wellsafe,73a725a2-5ab1-43fd-8ffd-bd799d0ad304,1,1,wellsafe@aisgroup.co.uk,wellsafe@aisgroup.co.uk,Divison,Asset,0,0,0,0,0,0,0,0,0,0,WS,1,0,0,0,1,0,0,1,0,Well-Safe Solutions,wellsafe,1,0,0,1,8,90,60,30,0,1,wellsafe@aisgroup.co.uk,0,,1,Team,0,0,0,0,NI Number,Employee Number,0,0,1,1,1,0,1,0,8b5227c7-31d1-48b3-835c-384f89c11adb,1,1,Health Status,30,1,0,1,0,Event Tracker,61f46459-0806-4cce-f88b-08d83863c80e,0,0,0,1,1,0,wellsafe@aisgroup.co.uk,0,0,0,0,0,Business Stream,0,,0,1,1,,15,0,0,,1,0,1,0,0,1,,1,wellsafe@aisgroup.co.uk,1,,1,wellsafe@aisgroup.co.uk,1,wellsafe@aisgroup.co.uk,,,,,,wellsafe@aisgroup.co.uk,wellsafe@aisgroup.co.uk,wellsafe@aisgroup.co.uk,,,wellsafe@aisgroup.co.uk,wellsafe@aisgroup.co.uk,wellsafe@aisgroup.co.uk,wellsafe@aisgroup.co.uk,wellsafe@aisgroup.co.uk,wellsafe@aisgroup.co.uk,,wellsafe@aisgroup.co.uk,wellsafe@aisgroup.co.uk,,wellsafe@aisgroup.co.uk,wellsafe@aisgroup.co.uk,,,,,,0,,0,1,0,£,0,0,0,0,NULL,NULL,NULL,1,0,1,5,0,1,0,0,0,1,1,1,1,1,0,Expense Code,0,,,823,Network Number,0,0,0,NULL,1,0,0,0,NULL,1,0,1,0,0,0,,0,,0,0,0,0,90,,NULL,0,NULL,,1,0,1,0,0,1,,1,1,1,thirdpartycerts@aisgroup.co.uk,0,1,0,0,0,0,1,0,Wellsafe,,0,0
15,Brand,98141a36-ffb6-442b-b1ff-7d04c0afed13,1,0,brandtms@aisgroup.co.uk,brandtms@aisgroup.co.uk,Client,Cost Centre,0,0,0,0,0,0,0,0,0,0,BR,1,0,0,0,1,0,0,1,0,Brand Energy and Infrastructure,brand,0,0,0,1,8,90,60,30,0,0,"cwright2@brandsafway.com ",1,"cwright2@brandsafway.com ",0,Team,0,0,0,0,NI Number,Employee Number,0,0,1,0,1,0,1,0,b572dc12-63e5-4268-8ff4-a2d29648ccc0,1,1,Health Status,30,0,0,1,0,Event Tracker,4e6597ec-27de-4441-f88c-08d83863c80e,0,0,0,1,0,0,,0,0,0,0,0,Business Stream,0,,0,1,1,,15,1,0,,1,0,1,0,0,1,,1,brandtms@aisgroup.co.uk,1,,1,brandtms@aisgroup.co.uk,1,brandtms@aisgroup.co.uk,,,,,,brandtms@aisgroup.co.uk,brandtms@aisgroup.co.uk,brandtms@aisgroup.co.uk,,,brandtms@aisgroup.co.uk,brandtms@aisgroup.co.uk,brandtms@aisgroup.co.uk,brandtms@aisgroup.co.uk,brandtms@aisgroup.co.uk,brandtms@aisgroup.co.uk,,brandtms@aisgroup.co.uk,brandtms@aisgroup.co.uk,,brandtms@aisgroup.co.uk,brandtms@aisgroup.co.uk,,,,,,0,,0,1,0,£,0,0,0,0,NULL,NULL,NULL,1,0,0,5,0,1,0,0,0,1,1,1,1,1,0,Expense Code,0,,,823,Network Number,0,0,0,NULL,1,0,0,0,NULL,1,0,1,0,0,0,,0,,0,0,0,0,90,,NULL,0,NULL,,1,0,1,0,0,1,,0,1,1,thirdpartycerts@aisgroup.co.uk,0,1,0,0,0,0,0,0,Brand,,0,0
16,Total Energies,0a72d85c-0d8b-4936-bea7-cd470a887492,1,0,tepuk@aisgroup.co.uk,tepuk@aisgroup.co.uk,Client,Project,0,1,0,0,0,0,0,0,0,0,TE,1,0,0,0,1,0,0,1,0,TOTAL E&P UK Ltd,tepuk,0,0,0,60,60,120000,90000,600000,0,0,tepuk@aisgroup.co.uk.co.uk,0,,0,Team,0,0,0,0,IGG Number,Sigle,0,0,1,0,1,0,1,0,d8acfe3d-a959-4978-ab69-2f8e316e369b,1,0,Availability,30,1,0,1,0,Event Tracker,60ed4319-d8de-4b4d-f88d-08d83863c80e,0,0,0,1,0,0,tepuk@aisgroup.co.uk,0,0,0,0,0,Business Stream,0,,0,1,1,,300000,0,0,,1,0,1,0,0,1,,1,tepuk@aisgroup.co.uk.co.uk,1,,1,tepuk@aisgroup.co.uk.co.uk,1,tepuk@aisgroup.co.uk.co.uk,,,,,,tepuk@aisgroup.co.uk.co.uk,,tepuk@aisgroup.co.uk.co.uk,,,tepuk@aisgroup.co.uk.co.uk,tepuk@aisgroup.co.uk.co.uk,tepuk@aisgroup.co.uk.co.uk,tepuk@aisgroup.co.uk.co.uk,tepuk@aisgroup.co.uk.co.uk,tepuk@aisgroup.co.uk.co.uk,,tepuk@aisgroup.co.uk.co.uk,tepuk@aisgroup.co.uk.co.uk,,tepuk@aisgroup.co.uk.co.uk,tepuk@aisgroup.co.uk.co.uk,,,,,,0,,0,1,0,£,0,0,0,0,NULL,NULL,NULL,1,0,1,5,0,1,0,0,0,1,1,1,1,1,0,Expense Code,0,,,823,Network Number,0,0,0,NULL,1,1,1,0,NULL,1,0,1,0,1,0,,1,329e91b0-e21f-48fb-a071-456717ecc28e,0,0,0,0,90,,NULL,0,NULL,,1,0,1,0,0,1,,0,1,1,thirdpartycerts@aisgroup.co.uk,0,1,0,0,0,1,0,0,TotalEnergies,,0,0
17,BP GTA,0170090f-57b2-4f1a-9580-356aa45e9c44,1,0,tms@aisgroup.co.uk,tms@aisgroup.co.uk,Client,Project,0,0,0,0,0,0,0,0,0,0,BP,1,0,0,0,1,0,0,1,0,"BP-GTA Project ",bpgta,0,0,0,1,8,120,90,60,0,0,tms@aisgroup.co.uk,0,,0,Team,0,0,0,0,NI Number,Employee Number,0,0,1,0,1,0,1,0,NULL,1,1,Health Status,30,0,0,1,0,Event Tracker,NULL,0,0,0,1,0,0,,0,0,0,0,0,Business Stream,0,NULL,0,1,0,,30,1,0,,1,0,1,0,0,1,,1,tms@aisgroup.co.uk,1,,1,tms@aisgroup.co.uk,1,tms@aisgroup.co.uk,,,,,,tms@aisgroup.co.uk,tms@aisgroup.co.uk,tms@aisgroup.co.uk,,,tms@aisgroup.co.uk,tms@aisgroup.co.uk,tms@aisgroup.co.uk,tms@aisgroup.co.uk,tms@aisgroup.co.uk,tms@aisgroup.co.uk,,tms@aisgroup.co.uk,tms@aisgroup.co.uk,,tms@aisgroup.co.uk,tms@aisgroup.co.uk,,,,,,0,,0,1,0,?,0,0,0,0,NULL,NULL,NULL,1,0,0,5,0,1,0,0,0,1,1,1,1,1,0,Expense Code,0,NULL,NULL,823,Network Number,0,0,0,NULL,1,0,0,0,NULL,1,0,0,0,0,0,,0,NULL,0,0,0,0,90,,NULL,0,NULL,,0,0,0,0,0,1,NULL,0,1,1,thirdpartycerts@aisgroup.co.uk,0,1,0,0,0,0,0,0,AIS,,0,0
18,Cobalt 1,1c834d78-f581-4bf3-9881-3a31a653bc12,1,0,tms@aisgroup.co.uk,tms@aisgroup.co.uk,Client,Project,0,0,0,0,0,0,0,0,0,0,CB1,1,0,0,0,1,0,0,1,0,Cobalt 1,cobalt1,0,0,0,1,8,120,90,60,0,0,tms@aisgroup.co.uk,0,,0,Team,0,0,0,0,NI Number,Employee Number,0,0,0,0,0,0,1,0,54e6c3e2-045f-4686-be59-4f74e48eb633,1,1,Health Status,30,0,0,1,0,Event Tracker,e0af714d-75ff-4c8a-e512-08d853294cb2,0,0,0,1,0,0,,0,0,0,0,0,Business Stream,0,NULL,0,1,1,,30,1,0,,1,0,1,0,0,1,,1,tms@aisgroup.co.uk,1,,1,tms@aisgroup.co.uk,1,tms@aisgroup.co.uk,,,,,,tms@aisgroup.co.uk,tms@aisgroup.co.uk,tms@aisgroup.co.uk,,,tms@aisgroup.co.uk,tms@aisgroup.co.uk,tms@aisgroup.co.uk,tms@aisgroup.co.uk,tms@aisgroup.co.uk,tms@aisgroup.co.uk,,tms@aisgroup.co.uk,tms@aisgroup.co.uk,,tms@aisgroup.co.uk,tms@aisgroup.co.uk,,,,,,0,,0,1,0,?,0,0,0,0,NULL,NULL,NULL,1,0,0,5,0,1,0,0,0,1,1,1,1,1,0,Expense Code,0,NULL,NULL,0,Network Number,0,0,0,NULL,1,0,0,0,NULL,1,0,0,0,0,0,,0,NULL,0,0,0,0,90,,NULL,0,NULL,,0,0,0,0,0,1,NULL,0,1,1,thirdpartycerts@aisgroup.co.uk,0,1,0,0,0,0,0,0,AIS,,0,0
19,Cobalt 2,27a74559-404d-43af-ad96-68bf7c7253c9,1,0,tms@aisgroup.co.uk,tms@aisgroup.co.uk,Client,Project,0,0,0,0,0,0,0,0,0,0,CB2,1,0,0,0,1,0,0,1,0,Cobalt 2,cobalt2,0,0,0,1,8,120,90,60,0,0,tms@aisgroup.co.uk,0,,0,Team,0,0,0,0,NI Number," Employee Number",0,0,0,0,0,0,1,0,NULL,1,1,Health Status,30,0,0,1,0,Event Tracker,NULL,0,0,0,1,0,0,,0,0,0,0,0,Business Stream,0,NULL,0,1,0,,30,1,0,,1,0,1,0,0,1,,1,tms@aisgroup.co.uk,1,,1,tms@aisgroup.co.uk,1,tms@aisgroup.co.uk,,,,,,tms@aisgroup.co.uk,tms@aisgroup.co.uk,tms@aisgroup.co.uk,,,tms@aisgroup.co.uk,tms@aisgroup.co.uk,tms@aisgroup.co.uk,tms@aisgroup.co.uk,tms@aisgroup.co.uk,tms@aisgroup.co.uk,,tms@aisgroup.co.uk,tms@aisgroup.co.uk,,tms@aisgroup.co.uk,tms@aisgroup.co.uk,,,,,,0,,0,1,0,?,0,0,0,0,NULL,NULL,NULL,1,0,0,5,0,1,0,0,0,1,1,1,1,1,0,Expense Code,0,NULL,NULL,0,Network Number,0,0,0,NULL,1,0,0,0,NULL,1,0,0,0,0,0,,0,NULL,0,0,0,0,90,,NULL,0,NULL,,0,0,0,0,0,1,NULL,0,1,1,thirdpartycerts@aisgroup.co.uk,0,1,0,0,0,0,0,0,AIS,,0,0
20,Cobalt 3,3ec0557b-2b02-48eb-9585-141eef52dc83,1,0,tms@aisgroup.co.uk,tms@aisgroup.co.uk,Client,Project,0,0,0,0,0,0,0,0,0,0,CB3,1,0,0,0,1,0,0,1,0,Cobalt 3,cobalt3,0,0,0,1,8,120,90,60,0,0,tms@aisgroup.co.uk,0,,0,Team,0,0,0,0,NI Number,Employee Number,0,0,0,0,0,0,1,0,69dd8d01-da2e-44d4-b2c2-f107e3655884,1,1,Health Status,30,0,0,1,0,Event Tracker,593053a5-e04e-4998-4b95-08d9267b60b7,0,0,0,1,0,0,,0,0,0,0,0,Business Stream,0,NULL,0,1,1,,30,1,0,,1,0,1,0,0,1,,1,tms@aisgroup.co.uk,1,,1,tms@aisgroup.co.uk,1,tms@aisgroup.co.uk,,,,,,tms@aisgroup.co.uk,tms@aisgroup.co.uk,tms@aisgroup.co.uk,,,tms@aisgroup.co.uk,tms@aisgroup.co.uk,tms@aisgroup.co.uk,tms@aisgroup.co.uk,tms@aisgroup.co.uk,tms@aisgroup.co.uk,,tms@aisgroup.co.uk,tms@aisgroup.co.uk,,tms@aisgroup.co.uk,tms@aisgroup.co.uk,,,,,,0,,0,1,0,?,0,0,0,0,NULL,NULL,NULL,1,0,0,5,0,1,0,0,0,1,1,1,1,1,0,Expense Code,0,NULL,NULL,0,Network Number,0,0,0,NULL,1,0,0,0,NULL,1,0,0,0,0,0,,0,NULL,0,0,0,0,90,,NULL,0,NULL,,0,0,0,0,0,1,NULL,0,1,1,thirdpartycerts@aisgroup.co.uk,0,1,0,0,0,0,0,0,AIS,,0,0
21,Advanced Industrial Solutions,4bb18cbe-84c0-428d-90b1-12142d77e759,1,1,planning@aisgroup.co.uk,planning@aisgroup.co.uk,Training Company,Awarding Body,0,0,0,0,0,0,0,0,0,0,AIS,1,0,0,0,0,0,0,1,0,Advanced Industrial Solutions,ais,0,0,0,1,8,120,90,60,0,0,planning@aisgroup.co.uk,0,,0,Team,0,0,0,0,NI Number,Employee Number,0,0,0,0,0,0,1,0,64bc4669-622b-44a2-9f0f-159eebb6bbed,1,1,Health Status,30,0,0,1,0,Event Tracker,4f52a24d-3212-45ae-f882-08d83863c80e,0,0,0,1,0,0,,0,0,0,0,0,Business Stream,0,,0,1,1,,30,1,0,",",1,0,1,0,0,1,,1,planning@aisgroup.co.uk,1,,1,planning@aisgroup.co.uk,1,planning@aisgroup.co.uk,,,,,,planning@aisgroup.co.uk,planning@aisgroup.co.uk,planning@aisgroup.co.uk,,,planning@aisgroup.co.uk,planning@aisgroup.co.uk,planning@aisgroup.co.uk,planning@aisgroup.co.uk,planning@aisgroup.co.uk,planning@aisgroup.co.uk,,planning@aisgroup.co.uk,planning@aisgroup.co.uk,,planning@aisgroup.co.uk,planning@aisgroup.co.uk,,,,,,0,,0,1,0,£,0,0,0,0,NULL,NULL,NULL,1,0,0,5,0,1,0,0,0,1,0,1,0,1,0,Expense Code,0,,,823,Network Number,0,0,0,NULL,1,0,0,0,NULL,1,0,0,0,0,0,,0,,0,0,0,0,90,,NULL,0,NULL,,0,0,1,0,0,1,NULL,0,1,1,thirdpartycerts@aisgroup.co.uk,0,1,0,0,0,0,0,0,AIS,,0,0
22,PBS,5d882dc8-2b11-47d7-85ec-b56e3febab86,1,1,pbs@aisgroup.co.uk,pbs@aisgroup.co.uk,Client,Project,0,0,0,1,0,0,0,0,0,0,PBS,1,1,0,0,1,0,0,1,1,PBS,pbs,1,0,0,1,8,120,90,60,1,0,,0,,0,CMS Team,0,0,0,0," NI Number",Payroll Number,0,0,0,0,0,0,1,0,28a661f4-6398-47ed-9481-9bf021756a54,1,1,Health Status,30,1,0,1,0,Event Tracker,27485dad-805a-49c7-f88e-08d83863c80e,0,0,0,1,1,0,pbs@aisgroup.co.uk,0,0,0,0,0,Occupation,1,,0,1,1,,30,0,0,,1,0,1,0,0,1,,1,pbs@aisgroup.co.uk,1,,1,pbs@aisgroup.co.uk,1,pbs@aisgroup.co.uk,,pbs@aisgroup.co.uk,pbs@aisgroup.co.uk,pbs@aisgroup.co.uk,,pbs@aisgroup.co.uk,pbs@aisgroup.co.uk,"pbs@aisgroup.co.uk, Kyrstie.Massie@pbs-offshore.com, Annette.Thomson@pbs-offshore.com, saoirse.ling@pbs-offshore.com ",,,pbs@aisgroup.co.uk,pbs@aisgroup.co.uk,pbs@aisgroup.co.uk,pbs@aisgroup.co.uk,pbs@aisgroup.co.uk,pbs@aisgroup.co.uk,,pbs@aisgroup.co.uk,pbs@aisgroup.co.uk,,pbs@aisgroup.co.uk,pbs@aisgroup.co.uk,,,,,pbs@aisgroup.co.uk,0,,0,1,0,£,0,0,0,0,NULL,NULL,NULL,1,0,1,20,0,0,0,0,0,1,0,0,1,1,0,Expense Code,0,,,823,Network Number,0,0,0,NULL,1,1,1,1,Password123!,1,0,1,0,1,0,,0,,0,0,0,1,90,pbs@aisgroup.co.uk,NULL,0,NULL,,1,0,1,0,1,1,,0,1,2,,0,1,0,0,0,0,0,0,PBS,,0,0
23,Wood Group,6ea15ad2-8a62-4e03-a528-f54f2cd720c0,1,1,woodgroup@aisgroup.co.uk,,Organisation,Location,0,0,0,1,0,0,0,0,0,1,WG,1,1,0,0,1,1,0,1,0,Wood Group UK,woodgroup,1,0,0,1,8,120,90,60,0,0,,0,,0,Team,1,0,0,0,NI Number,Employee Number,0,0,0,1,0,0,1,0,fa7871db-7e94-4bab-9fac-ce3880f49e93,1,1,Health Status,30,1,0,1,1,Toolbox Talks,92a322af-13eb-476a-f88f-08d83863c80e,0,0,0,1,0,0,"woodgroup@3tenergygroup.com,skillspool@woodplc.com",1,1,0,0,1,Business Stream,1,http://cmsreports.ais-cmspro.com,1,1,1,woodgroup@3tenergygroup.com,30,0,1,"skillspool@woodplc.com,",1,1,1,0,1,1,,1,,0,,1,,1,skillspool@woodplc.com,SkillsPool,"skillspool@woodplc.com,",,,woodgroup@aisgroup.co.uk,"skillspool@woodplc.com, ",,,,,skillspool@woodplc.com,,skillspool@woodplc.com,,,,,,,"vamsi.kamini@3t-transform.com, support@3t-transform.com","skillspool@woodplc.com,","skillspool@woodplc.com,",,,,,skillspool@woodplc.com,0,woodgroup@3tenergygroup.com,0,1,0,£,0,0,1,0,skillspool@woodplc.com,NULL,NULL,0,0,0,20,1,0,0,0,0,1,1,1,1,1,1,Expense Code,0,,,823,Network Number,0,0,0,"dale.robertson@3t-transform.com, vamsi.kamini@3t-transform.com",1,0,0,0,NULL,1,1,1,0,0,1,woodgroup@ais-survivex.com,0,,0,0,0,0,90,,41b44610-bdbb-4e86-a7ec-08d8385918f9,0,4db47b15-e256-4961-8dda-08da1c851590,,1,0,1,0,0,1,,0,1,0,thirdpartycerts@aisgroup.co.uk,0,1,0,1,0,0,1,0,Wood,,0,0
24,COSL,71980064-efbc-4f69-8930-59c258608fda,1,0,rachael.peters@3tenergygroup.com,rachael.peters@3tenergygroup.com,Client,Project,0,0,0,0,0,0,0,0,0,0,CL,1,0,0,0,1,0,0,1,0,COSL,cosl,0,0,0,1,8,120,90,60,0,0,rachael.peters@3tenergygroup.com,0,,0,Team,0,0,0,0,,Employee Number,0,0,0,0,0,0,1,0,49b2ed81-3971-4a79-8d93-09200e5608ac,1,1,,30,0,0,1,0,Event Tracker,02850849-4258-4852-f890-08d83863c80e,0,0,0,1,0,0,,0,0,0,0,0,Business Stream,0,NULL,0,1,1,,30,1,0,,1,0,1,0,0,1,,1,rachael.peters@3tenergygroup.com,1,,1,rachael.peters@3tenergygroup.com,1,rachael.peters@3tenergygroup.com,,,,,,rachael.peters@3tenergygroup.com,rachael.peters@3tenergygroup.com,rachael.peters@3tenergygroup.com,,,rachael.peters@3tenergygroup.com,rachael.peters@3tenergygroup.com,rachael.peters@3tenergygroup.com,rachael.peters@3tenergygroup.com,rachael.peters@3tenergygroup.com,rachael.peters@3tenergygroup.com,,rachael.peters@3tenergygroup.com,rachael.peters@3tenergygroup.com,,rachael.peters@3tenergygroup.com,rachael.peters@3tenergygroup.com,,,,,,0,,0,1,0,?,0,0,0,0,NULL,NULL,NULL,1,0,0,5,0,1,0,0,0,1,1,1,1,1,0,Expense Code,0,NULL,NULL,823,Network Number,0,0,0,NULL,1,0,0,0,NULL,1,0,0,0,0,0,,0,NULL,0,0,0,0,90,,NULL,0,NULL,,0,0,0,0,0,1,NULL,0,1,1,thirdpartycerts@aisgroup.co.uk,0,1,0,0,0,0,0,0,AIS,,0,0
25,Compass,89b07a35-6a1a-4410-bc5a-df1e7f985aaf,1,0,compass@ais-survivex.com,,Client,Project,0,0,0,0,0,0,0,0,0,0,CM,1,0,0,0,1,0,0,1,0,Compass Group/ESS Worldwide Services (TMS),compass,0,0,0,1,8,120,90,60,0,0,,1,"essoffshoretraining&medical@compass-group.co.uk ",0,Team,0,0,0,0,NI Number,Employee Number,0,0,0,1,0,0,1,0,191ad864-8f63-40ad-8617-cbdb6092baae,1,0,,30,0,0,1,0,Event Tracker,077d3acf-6343-4e7a-f891-08d83863c80e,0,0,0,1,0,0,compass@aisgroup.co.uk,0,0,0,0,0,Business Stream,0,,0,1,1,compass@aisgroup.co.uk,30,0,0,,1,0,1,0,0,1,compass@ais-survivex.com,0,,1,compass@ais-survivex.com,1,,1,,,,compass@ais-survivex.com,compass@ais-survivex.com,compass@ais-survivex.com,compass@ais-survivex.com,compass@ais-survivex.com,compass@ais-survivex.com,compass@ais-survivex.com,compass@ais-survivex.com,,,,,,,,,,,,,,,,,compass@aisgroup.co.uk,0,,0,1,0,£,0,0,0,0,NULL,NULL,NULL,1,0,1,5,0,1,0,0,0,1,1,1,1,1,0,Expense Code,0,,,823,Network Number,0,0,0,NULL,1,0,0,0,NULL,1,0,1,1,0,0,,0,,0,0,0,0,90,,NULL,0,NULL,,1,0,1,0,0,1,,0,1,1,thirdpartycerts@aisgroup.co.uk,0,1,1,0,0,0,0,0,Compass,,0,0
26,Transform,9cf3334c-e3d4-4066-b64e-759927216c60,1,0,rachael.peters@3tenergygroup.com,,Client,Projects,0,0,0,1,0,0,0,0,0,0,TF,1,0,0,0,1,0,0,1,0,3T Transform,transform,1,0,1,1,8,120,90,60,1,0,,0,,0,Team,0,0,0,0,NI Number,Employee Number,0,0,0,0,0,0,1,0,be1a569b-7e1f-4f94-a5a7-e76cdd113890,1,1,,30,1,0,1,0,Event Tracker,69c25e31-64d3-4f12-894e-08d813af1457,0,0,0,1,1,0,,0,0,0,0,0,Business Stream,0,,0,1,1,,30,0,0,",",1,0,1,0,0,1,,1,,1,,1,,1,,,,,"eleasha.asiamah@3t-transform.com,rachael.peters@3tenergygroup.com",,,,,,,,,,,,,,eleasha.asiamah@3t-transform.com,"rachael.peters@3tenergygroup.com,rachael.peters@3tenergygroup.com",,,eleasha.asiamah@3t-transform.com,,,,,,0,,0,1,0,£,0,0,0,0,NULL,NULL,NULL,1,0,1,5,0,1,0,0,0,1,1,1,1,1,0,Expense Code,0,,,823,Network Number,0,0,0,NULL,1,0,0,1,NULL,1,0,0,0,0,0,,0,,0,0,0,0,90,,69c25e31-64d3-4f12-894e-08d813af1457,1,c94ef31c-72a4-4bdc-c46c-08da34d2d685,,0,0,1,0,0,1,,0,1,2,thirdpartycerts@aisgroup.co.uk,0,1,0,0,0,0,0,0,AIS,,0,0
27,Halliburton,a6589d47-a34b-474b-b935-876281ecb63f,1,0,Halliburton@survivex.com,Halliburton@survivex.com,Client,Project,0,0,0,0,0,0,0,0,0,0,HB,1,0,0,0,1,0,0,1,0,Halliburton Manufacturing & Services Ltd,halliburton,0,0,0,1,8,120,90,60,0,0,,0,,0,Team,0,0,0,0,NI Number,Employee Number,0,0,0,0,0,0,1,0,5f05a7c7-f808-4f14-b024-fe40114df6f0,1,1,,30,0,0,1,0,Event Tracker,8a3d4131-7636-42f1-4b93-08d9267b60b7,0,0,0,1,0,0,,0,0,0,0,0,Business Stream,0,,0,0,1,,30,0,0,",",1,0,1,0,0,1,,1,Halliburton@survivex.com,1,,1,Halliburton@survivex.com,1,Halliburton@survivex.com,,,,,,Halliburton@survivex.com,Halliburton@survivex.com,Halliburton@survivex.com,,,Halliburton@survivex.com,Halliburton@survivex.com,Halliburton@survivex.com,Halliburton@survivex.com,Halliburton@survivex.com,Halliburton@survivex.com,,Halliburton@survivex.com,Halliburton@survivex.com,,Halliburton@survivex.com,Halliburton@survivex.com,,,,,,0,,0,1,0,£,0,0,0,0,NULL,NULL,NULL,1,0,0,5,0,1,0,0,0,1,1,1,1,1,0,Expense Code,0,NULL,NULL,0,Network Number,0,0,0,NULL,1,0,0,0,NULL,1,0,0,0,0,0,,0,NULL,0,0,0,0,90,,NULL,0,NULL,,0,0,0,0,0,1,NULL,0,1,1,thirdpartycerts@aisgroup.co.uk,0,1,0,0,0,0,0,0,AIS,,0,0
28,The Progress Group,b629b6df-250a-4244-b227-ef9b234c21ab,1,0,tms@aisgroup.co.uk,tms@aisgroup.co.uk,Client,Project,0,0,0,0,0,0,0,0,0,0,TPG,1,0,0,0,1,0,0,1,0,The Progress Group,theprogressgroup,0,0,0,1,8,120,90,60,0,0,tms@aisgroup.co.uk,0,,0,Team,0,0,0,0,NI Number,Employee Number,0,0,0,0,0,0,1,0,00e674aa-4d89-470b-bdc0-0577b9468aa9,1,1,NULL,30,0,0,1,0,Event Tracker,0074e4e0-8cff-4b28-4b94-08d9267b60b7,0,0,0,1,0,0,,0,0,0,0,0,Business Stream,0,NULL,0,1,1,,30,0,0,,1,0,1,0,0,1,,1,tms@aisgroup.co.uk,1,,1,tms@aisgroup.co.uk,1,tms@aisgroup.co.uk,,,,,,tms@aisgroup.co.uk,tms@aisgroup.co.uk,tms@aisgroup.co.uk,,,tms@aisgroup.co.uk,tms@aisgroup.co.uk,tms@aisgroup.co.uk,tms@aisgroup.co.uk,tms@aisgroup.co.uk,tms@aisgroup.co.uk,,tms@aisgroup.co.uk,tms@aisgroup.co.uk,,tms@aisgroup.co.uk,tms@aisgroup.co.uk,,,,,,0,,0,1,0,?,0,0,0,0,NULL,NULL,NULL,1,0,0,5,0,1,0,0,0,1,1,1,1,1,0,Expense Code,0,NULL,NULL,823,Network Number,0,0,0,NULL,1,0,0,0,NULL,1,0,0,0,0,0,,0,NULL,0,0,0,0,90,,NULL,0,NULL,,0,0,0,0,0,1,NULL,0,1,1,thirdpartycerts@aisgroup.co.uk,0,1,0,0,0,0,0,0,AIS,,0,0
29,Vantage Drilling,c1391871-e91c-4a30-9540-b770d2367c7f,1,1,mary.aleckal@vantagedrilling.com,,Division,Rig,0,0,0,1,0,0,0,0,0,0,VD,1,0,0,0,0,0,0,1,1,Vantage Drilling,vantage,1,0,0,1,8,120,90,60,0,0,"mary.aleckal@vantagedrilling.com, Clarence.Eamilao@vantagedrilling.com",0,,0,Team,0,0,0,0,NI Number,Employee Number,0,0,0,0,0,0,1,0,d6bd93e5-bec1-40e1-b3f1-1180c1e4749e,1,1,,30,1,0,1,0,Event Tracker,593053a5-e04e-4998-4b95-08d9267b60b7,0,0,0,1,0,0,,0,0,0,0,0,Business Stream,0,,0,1,1,,30,0,0,,1,0,1,1,0,1,,1,mary.aleckal@vantagedrilling.com,1,,1,mary.aleckal@vantagedrilling.com,1,mary.aleckal@vantagedrilling.com,,,,,,mary.aleckal@vantagedrilling.com,mary.aleckal@vantagedrilling.com,mary.aleckal@vantagedrilling.com,,mary.aleckal@vantagedrilling.com,mary.aleckal@vantagedrilling.com,mary.aleckal@vantagedrilling.com,"mary.aleckal@vantagedrilling.com, clarence.eamilao@vantagedrilling.com",mary.aleckal@vantagedrilling.com,mary.aleckal@vantagedrilling.com,mary.aleckal@vantagedrilling.com,,mary.aleckal@vantagedrilling.com,mary.aleckal@vantagedrilling.com,"Clarence.Eamilao@vantagedrilling.com,Nicholas.Coyle@vantagedrilling.com,Mary.Aleckal@vantagedrilling.com,support@3t-transform.com,tom.mutimer@3t-transform.com,logan.turner@3t-transform.com, rachael.peters@3tenergygroup.com,hiam.saad@3t-transform.com,",mary.aleckal@vantagedrilling.com,mary.aleckal@vantagedrilling.com,,,,,mary.aleckal@vantagedrilling.com,0,,0,0,1,$,0,0,0,0,NULL,NULL,NULL,1,1,1,20,0,1,1,1,0,1,0,1,1,1,0,Expense Code,0,,,823,Network Number,0,0,0,NULL,0,0,0,0,NULL,0,0,1,0,0,0,,0,,1,0,0,1,90,"Clarence.Eamilao@vantagedrilling.com, mary.aleckal@vantagedrilling.com",NULL,0,NULL,,0,0,0,0,0,1,,0,1,1,thirdpartycerts@aisgroup.co.uk,0,1,0,0,0,0,0,0,AIS,,0,0
30,Sodexo,dd749cf7-63ca-4358-b8f2-e61b228e67b6,1,0,tms@aisgroup.co.uk,tms@aisgroup.co.uk,Client,Project,0,0,0,0,0,0,0,0,0,0,SD,1,0,0,0,1,0,0,1,0,Sodexo TMS Pro,sodexo,0,0,0,1,8,120,90,60,0,1,tms@aisgroup.co.uk,0,,0,Team,0,0,0,0,NI Number,Employee Number,0,0,0,1,0,0,1,0,25791190-5c74-4bb2-b0cd-444a7b676230,1,0,,30,0,0,1,0,Event Tracker,88d0c3ad-9b5d-4fa0-4b96-08d9267b60b7,0,0,0,1,0,0,,0,0,0,0,0,Business Stream,0,,0,1,1,,30,0,0,,0,0,1,0,0,1,,1,tms@aisgroup.co.uk,1,,1,tms@aisgroup.co.uk,1,tms@aisgroup.co.uk,,,,,,tms@aisgroup.co.uk,tms@aisgroup.co.uk,tms@aisgroup.co.uk,,,tms@aisgroup.co.uk,tms@aisgroup.co.uk,tms@aisgroup.co.uk,tms@aisgroup.co.uk,tms@aisgroup.co.uk,tms@aisgroup.co.uk,,tms@aisgroup.co.uk,tms@aisgroup.co.uk,,tms@aisgroup.co.uk,tms@aisgroup.co.uk,,,,,,0,,0,1,0,£,0,0,0,0,NULL,NULL,NULL,1,0,0,5,0,1,0,0,0,1,1,1,1,1,0,Expense Code,0,,,823,Network Number,0,0,0,NULL,1,0,0,0,NULL,1,0,0,0,0,0,,0,NULL,0,0,0,0,90,,NULL,0,NULL,,0,0,0,0,0,1,NULL,0,1,1,thirdpartycerts@aisgroup.co.uk,0,1,0,0,0,0,0,0,AIS,,0,0
31,EnerMech,edc94734-ccb9-491c-bca2-e3661761003d,1,0,Enermech@ais-survivex.com,Enermech@ais-survivex.com,Client,Department,0,0,0,0,0,0,0,0,0,1,EM,2,0,0,0,1,0,0,1,0,Enermech TMS,enermech,0,0,0,1,8,120,90,60,0,0,,0,,0,Team,0,0,0,0,NI Number,Employee Number,0,0,0,1,0,0,1,0,66eec0e4-7849-40e0-a716-8b6b8353d31e,1,0,,30,0,0,1,0,Event Tracker,03ff290b-d4e9-4808-4b0d-08d8b7d7c131,0,0,0,1,0,0,Enermech@ais-survivex.com,0,0,1,0,0,Business Stream,0,,0,0,1,Enermech@ais-survivex.com,30,0,0,,0,0,1,0,0,1,Enermech@ais-survivex.com,1,Enermech@ais-survivex.com,1,Enermech@ais-survivex.com; Info.competence@enermech.com,1,Enermech@ais-survivex.com,1,Enermech@ais-survivex.com,,,,,,Enermech@ais-survivex.com,Enermech@ais-survivex.com,Enermech@ais-survivex.com,,,Enermech@ais-survivex.com,Enermech@ais-survivex.com,Enermech@ais-survivex.com,Enermech@ais-survivex.com,Enermech@ais-survivex.com,Enermech@ais-survivex.com,,Enermech@ais-survivex.com,Enermech@ais-survivex.com,,Enermech@ais-survivex.com,Enermech@ais-survivex.com,,,,,,0,,0,1,0,£,0,0,0,0,NULL,NULL,NULL,1,0,0,20,0,1,0,0,0,1,1,1,1,1,0,Expense Code,0,,,823,Job Number,1,1,1,NULL,1,0,0,0,NULL,1,0,1,0,0,0,,0,,0,0,0,0,90,,NULL,0,NULL,,1,0,1,0,0,1,,0,1,1,thirdpartycerts@aisgroup.co.uk,0,1,0,0,0,0,0,0,Enermech,,0,0
32,Ithaca,f6728556-09d3-4f19-9cf8-dcee95016fa2,1,1,ithacaenergy@ais-survivex.com,ithacaenergy@ais-survivex.com,Company,Location,0,0,0,0,0,0,0,0,0,0,IT,1,0,0,0,1,0,0,1,0,Ithaca TMS,ithaca,1,0,0,1,8,90,90,60,0,0,ithacaenergy@ais-survivex.com,0,,0,CMS Department,0,0,0,0,NI Number,Employee Number,0,0,0,0,0,0,1,0,b1707808-1b8b-4a1a-9e05-a7e0ee24e913,1,1,,30,1,0,1,0,Event Tracker,9d36bcb8-4ea9-42cc-4b97-08d9267b60b7,0,0,0,1,0,0,"ithacaenergy@ais-survivex.com, lreid3@ithacaenergy.com",0,0,0,0,0,Business Stream,0,,0,1,1,ithacaenergy@ais-survivex.com,30,0,0,,0,0,1,0,0,1,,1,,1,,1,,1,,,,ithacaenergy@ais-survivex.com,ithacaenergy@ais-survivex.com,,,,ithacaenergy@ais-survivex.com,ithacaenergy@ais-survivex.com,ithacaenergy@ais-survivex.com,lread3@ithacaenergy.com,,lreid3@ithacaenergy.com,,,,,,,,ithacaenergy@ais-survivex.com,ithacaenergy@ais-survivex.com,,,,,ithacaenergy@ais-survivex.com,0,,0,1,0,£,0,0,0,0,NULL,NULL,NULL,1,0,0,5,0,1,0,0,0,1,1,0,1,1,0,Expense Code,0,,,823,Network Number,0,0,0,NULL,1,1,1,0,NULL,1,0,0,0,0,0,,1,91145d13-5cbe-4b90-846c-fe1cfea471ce,0,0,0,1,90,ithacaenergy@ais-survivex.com,NULL,0,NULL,ithacaenergy@ais-survivex.com,0,0,0,0,0,1,,0,1,1,thirdpartycerts@aisgroup.co.uk,0,1,0,0,0,0,0,0,AIS,,0,0
33,Harbour Energy,06b2f706-51b0-468f-a354-e6d4f100ba0a,1,0,HarbourEnergy@aisgroup.co.uk,HarbourEnergy@aisgroup.co.uk,Client,Project,0,0,0,0,0,0,0,0,0,1,HE,1,0,0,0,1,0,0,1,0,Harbour Energy,harbourenergy,0,0,0,1,8,120,90,60,0,0,,0,,0,Team,0,0,0,0,NI Number,Employee Number,0,0,0,0,0,0,1,0,b8c5a545-3719-4d20-b575-cd5656e83cc3,1,0,,30,0,0,1,0,Event Tracker,603b3173-31ea-46c3-4b98-08d9267b60b7,0,0,0,1,0,0,,0,0,0,0,0,Business Stream,0,,0,1,1,,30,0,0,,0,0,1,0,0,1,,1,,1,,1,,1,,,,,,,,,,,,,,,,,,,,,,,,,,,,,0,,0,1,0,£,0,0,0,1,"lyndie.sandison@harbourenergy.com,linzi.gordon@harbourenergy.com,jacqui.murray@harbourenergy.com,Lea.Moir@harbourenergy.com",NULL,NULL,1,0,0,5,0,1,0,0,1,1,1,1,1,1,0,Expense Code,0,,,823,Network Number,0,0,0,"HarbourEnergy@aisgroup.co.uk,steph.lamont@ais-survivex.com,joyce.hardie@harbourenergy.com,shona.johnston@harbourenergy.com,elaine.buchan@harbourenergy.com,maggie.braid@harbourenergy.com",1,0,0,0,NULL,1,0,1,0,0,0,,0,,0,0,0,0,90,,NULL,0,NULL,,1,0,1,0,0,1,,1,1,1,thirdpartycerts@aisgroup.co.uk,0,1,0,0,0,0,0,0,Harbour Energy,,0,0
34,PTS,17a77a2a-096b-4e35-ada3-a5a635582196,1,0,tms@aisgroup.co.uk,tms@aisgroup.co.uk,Client,Project,0,0,0,0,0,0,0,0,0,0,PT,1,0,0,0,1,0,0,1,0,Petrofac Training Services,pts,0,0,0,1,8,120,90,60,0,0,tms@aisgroup.co.uk,0,,0,Team,0,0,0,0,NI Number,Employee Number,0,0,0,0,0,0,1,0,6afc17dc-ab63-47c0-960a-50fc7817effd,1,1,NULL,30,0,0,1,0,Event Tracker,15e4948d-6547-4410-9404-08d8c8f98c1c,0,0,0,1,0,0,,0,0,0,0,0,Business Stream,0,NULL,0,1,1,,30,0,0,,0,0,1,0,0,1,,1,,1,,1,,1,,,,,,,,,,,,,,,,,,,,,,,,,,,,,0,,0,1,0,?,0,0,0,0,NULL,NULL,NULL,1,0,0,5,0,1,0,0,0,1,1,1,1,1,0,Expense Code,0,NULL,NULL,823,Network Number,0,0,0,NULL,1,0,0,0,NULL,1,0,0,0,0,0,,0,NULL,0,0,0,0,90,,NULL,0,NULL,,0,0,0,0,0,1,NULL,0,1,1,thirdpartycerts@aisgroup.co.uk,0,1,0,0,0,0,0,0,AIS,,0,0
35,Global Wind Service,28578c8d-4494-4605-8198-35b62e7ce736,1,0,gws@ais-survivex.com,gws@ais-survivex.com,Client,Project,0,0,0,1,0,0,0,0,0,0,GW,1,0,0,0,1,0,0,1,1,Global Wind Service,globalwindservice,0,0,0,1,8,120,90,60,0,0,gws@ais-survivex.com,0,,0,Team,0,0,0,0,WINDA ID,Employee Number,0,0,0,0,0,0,1,0,a7e28fe2-cdce-4598-bd5c-d35ee3397675,1,1,,30,0,0,1,0,Event Tracker,2fa511c5-c894-4d71-4b99-08d9267b60b7,0,0,0,1,0,0,,0,0,0,0,0,Business Stream,0,,0,0,1,,30,0,0,,0,0,0,0,0,1,,1,,1,,1,,1,,,gws@ais-survivex.com,,,,,,gws@ais-survivex.com,,,,,,,,,"gws@ais-survivex.com,gws@ais-survivex.com",,,,gws@ais-survivex.com,gws@ais-survivex.com,,,,,,0,,0,0,0,£,0,0,0,0,NULL,NULL,NULL,1,0,0,5,0,0,0,0,0,1,1,1,1,1,0,Expense Code,0,,,823,Network Number,0,0,0,NULL,1,0,0,0,NULL,1,0,1,0,0,0,,0,,0,0,0,0,90,,NULL,0,NULL,,0,0,0,0,0,1,,0,1,1,thirdpartycerts@aisgroup.co.uk,0,1,0,0,0,0,0,0,GWS,,0,0
36,Optilan,36b515cd-857c-453a-97d0-0ea5b1da4211,1,1,training@optilan.com,,Location,Department,0,0,0,1,0,0,0,0,0,0,OP,1,1,0,0,1,0,0,1,1,Optilan,optilan,0,0,0,1,8,60,30,0,0,1,training@optilan.com,0,,1,Team,0,0,0,0,NI Number,,0,0,0,0,0,0,1,0,6b270cee-ab16-405c-9546-406ef92c5298,1,1,,30,1,0,1,0,Event Tracker,23e486ba-a2dc-4a19-9852-08d88a413728,0,0,0,1,0,0,training@optilan.com,0,0,0,0,0,Business Stream,0,,0,1,1,training@optilan.com,0,0,0,,0,0,1,0,0,0,,0,,0,,0,,0,,training@optilan.com,training@optilan.com,training@optilan.com,training@optilan.com,,,training@optilan.com,,,,,,,,,,training@optilan.com,training@optilan.com,training@optilan.com,,training@optilan.com,training@optilan.com,,,,,,0,,0,1,0,£,0,0,0,0,NULL,NULL,NULL,1,0,0,5,0,1,0,0,0,1,1,1,1,1,0,Expense Code,0,,,823,Network Number,0,0,0,NULL,1,0,0,1,NULL,1,0,0,1,0,1,,1,82313090-6c72-42ef-8fa3-ab461fc2d7f3,0,0,0,0,90,training@optilan.com,NULL,0,NULL,,0,0,0,0,0,1,NULL,0,1,1,thirdpartycerts@aisgroup.co.uk,0,1,0,0,0,0,0,0,AIS,,0,0
37,Schlumberger,4532c536-f17c-4c63-ab8b-9d15b2bf5bb6,1,0,tms@aisgroup.co.uk,tms@aisgroup.co.uk,Client,Project,0,0,0,0,0,0,0,0,0,0,SM,1,0,0,0,1,0,0,1,0,Schlumberger-Well Service,schlumberger,0,0,0,1,8,120,90,60,0,0,tms@aisgroup.co.uk,0,,0,Team,0,0,0,0,NI Number,Employee Number,0,0,0,0,0,0,1,0,83585232-85a4-4f93-b5ed-d408df64c6f9,1,1,NULL,30,0,0,1,0,Event Tracker,032a2582-06bc-4240-4b9a-08d9267b60b7,0,0,0,1,0,0,,0,0,0,0,0,Business Stream,0,NULL,0,1,1,,30,0,0,,0,0,1,0,0,1,,1,,1,,1,,1,,,,,,,,,,,,,,,,,,,,,,,,,,,,,0,,0,1,0,?,0,0,0,0,NULL,NULL,NULL,1,0,0,5,0,1,0,0,0,1,1,1,1,1,0,Expense Code,0,NULL,NULL,823,Network Number,0,0,0,NULL,1,0,0,0,NULL,1,0,0,0,0,0,,0,NULL,0,0,0,0,90,,NULL,0,NULL,,0,0,0,0,0,1,NULL,0,1,1,thirdpartycerts@aisgroup.co.uk,0,1,0,0,0,0,0,0,AIS,,0,0
38,Saipem,5b18377e-4704-4cd6-a3d6-a048a3c2a2d7,1,0,tms@aisgroup.co.uk,tms@aisgroup.co.uk,Client,Project,0,0,0,0,0,0,0,0,0,0,SP,1,0,0,0,1,0,0,1,0,Saipem (Sonsub),saipem,0,0,0,1,8,120,90,60,0,0,tms@aisgroup.co.uk,0,,0,Team,0,0,0,0,NI Number,Employee Number,0,0,0,0,0,0,1,0,8398b3ee-ae5c-4991-9e3c-6af9ae31cefb,1,1,NULL,30,0,0,1,0,Event Tracker,c74dd418-d47e-4ab0-4b9b-08d9267b60b7,0,0,0,1,0,0,,0,0,0,0,0,Business Stream,0,NULL,0,1,1,,30,0,0,,0,0,1,0,0,1,,1,,1,,1,,1,,,,,,,,,,,,,,,,,,,,,,,,,,,,,0,,0,1,0,?,0,0,0,0,NULL,NULL,NULL,1,0,0,5,0,1,0,0,0,1,1,1,1,1,0,Expense Code,0,NULL,NULL,823,Network Number,0,0,0,NULL,1,0,0,0,NULL,1,0,0,0,0,0,,0,NULL,0,0,0,0,90,,NULL,0,NULL,,0,0,0,0,0,1,NULL,0,1,1,thirdpartycerts@aisgroup.co.uk,0,1,0,0,0,0,0,0,AIS,,0,0
39,Bumi Armada,60decdba-c0f2-40a2-a7a5-c54379335a37,1,1,bumiarmada.training@ais-survivex.com,,Client,Project,0,0,0,0,0,0,0,0,0,0,BAUK,1,1,0,0,1,0,0,1,0,Survivex TMS - Bumi,bumiarmada,0,0,0,1,8,120,90,60,0,0,,1,bauk.training@bumiarmada.com,0,Team,0,0,0,0,NI Number,Employee Number,0,0,0,0,0,0,1,0,af9531f8-00ef-4ede-b4e8-f712552b67d9,1,1,,30,1,0,1,0,Event Tracker,cd4e2255-5cd1-4032-4b9c-08d9267b60b7,0,0,0,1,0,0,,0,0,0,0,0,Business Stream,0,,0,1,1,bauk.training@bumiarmada.com,30,0,0,,0,0,1,0,0,1,,0,,1,bauk.training@bumiarmada.com,1,,1,,,bumiarmada.training@ais-survivex.com,"bauk.training@bumiarmada.com, bumiarmada.training@ais-survivex.com","bauk.training@bumiarmada.com, bumiarmada.training@ais-survivex.com",,bauk.training@bumiarmada.com,bumiarmada.training@ais-survivex.com,,,,,bauk.training@bumiarmada.com,,,,bauk.training@bumiarmada.com,"kraken.travel@bumiarmada.com, bauk.training@bumiarmada.com,bumiarmada.training@ais-survivex.com",,bumiarmada.training@ais-survivex.com,,bauk.training@bumiarmada.com,bauk.training@bumiarmada.com,bauk.training@bumiarmada.com,bauk.training@bumiarmada.com,bauk.training@bumiarmada.com,bauk.training@bumiarmada.com,,0,,0,1,0,£,0,0,0,0,NULL,NULL,NULL,1,0,1,5,0,1,0,0,0,0,0,1,1,0,0,Expense Code,0,,,823,Network Number,0,0,0,NULL,1,0,0,1,NULL,1,0,0,1,0,0,,0,,0,0,0,1,90,,NULL,0,NULL,,1,0,1,1,0,1,,0,1,1,thirdpartycerts@aisgroup.co.uk,1,1,1,0,0,0,0,0,AIS,,0,0
40,Bumi Armada (Archived),724ddd90-5fdf-4b9e-80bd-b20951673a53,0,0,tms@aisgroup.co.uk,tms@aisgroup.co.uk,Client,Project,0,0,0,0,0,0,0,0,0,0,BA,1,0,0,0,1,0,0,1,0,Bumi Armada,bumiarmada(archived),0,0,0,1,8,120,90,60,0,0,tms@aisgroup.co.uk,0,,0,Team,0,0,0,0,NI Number,Employee Number,0,0,0,0,0,0,1,0,NULL,1,1,NULL,30,0,0,1,0,Event Tracker,cd4e2255-5cd1-4032-4b9c-08d9267b60b7,0,0,0,1,0,0,,0,0,0,0,0,Business Stream,0,NULL,0,1,0,,30,0,0,,0,0,1,0,0,1,,1,,1,,1,,1,,,,,,,,,,,,,,,,,,,,,,,,,,,,,0,,0,1,0,?,0,0,0,0,NULL,NULL,NULL,1,0,0,NULL,0,1,0,0,0,1,1,1,1,1,0,Expense Code,0,NULL,NULL,823,Network Number,0,0,0,NULL,1,0,0,0,NULL,1,0,0,0,0,0,,0,NULL,0,0,0,0,90,,NULL,0,NULL,,0,0,0,1,0,1,NULL,0,1,1,thirdpartycerts@aisgroup.co.uk,0,1,0,0,0,0,0,0,AIS,,0,0
41,Texo,87c3884a-20fe-4f7b-b225-74fcc78e20c9,0,0,texo@ais-survivex.com,texo@ais-survivex.com,Client,Project,0,0,0,0,0,0,0,0,0,0,BA,1,0,0,0,1,0,0,1,0,Texo Aberdeen,texo,1,0,0,1,8,120,90,60,0,0,,0,,0,Team for CMS link,0,0,0,0,NI Number,Employee Number,0,0,0,0,0,0,1,0,NULL,1,0,,30,1,0,1,0,Event Tracker,1d8432d7-405e-4e88-2ad1-08d94a9eb0fe,0,0,0,1,0,0,,0,0,0,0,0,Business Stream,0,,0,1,0,,30,0,0,,0,0,1,0,0,1,,1,,1,,1,,1,,,,,,,,,,,,,,,,,,,,,,,,,,,,,0,,0,1,0,£,0,0,0,0,NULL,NULL,NULL,1,0,1,20,0,1,0,1,0,1,0,1,1,1,0,Expense Code,0,,,823,Network Number,0,0,0,NULL,1,0,0,0,NULL,1,0,0,0,0,0,,0,,0,0,0,0,90,,NULL,0,NULL,,0,0,0,0,0,1,,0,1,1,thirdpartycerts@aisgroup.co.uk,0,1,0,0,0,0,0,0,Texo,,0,0
42,Drilling Systems,9bec6540-c364-41fe-a708-aad1921535cb,1,0,,,Client,Project,0,0,0,0,0,0,0,0,0,0,BA,1,0,0,0,1,0,0,1,0,Drilling Systems,drillingsystems,0,0,0,1,8,120,90,60,0,0,,0,,0,Team,0,0,0,0,NI Number,Employee Number,0,0,0,0,0,0,1,0,NULL,1,1,,30,0,0,1,0,Event Tracker,95f6b75f-4fc7-4904-9405-08d8c8f98c1c,0,0,0,1,0,0,,0,0,0,0,0,Business Stream,0,,0,1,0,,30,0,0,,0,0,1,0,0,1,,1,,1,,1,,1,,,,,,,,,,,,,,,,,,,,,,,,,,,,,0,,0,1,0,£,0,0,0,0,NULL,NULL,NULL,1,0,1,5,0,1,0,0,0,1,1,1,1,1,0,Expense Code,0,,,1119,Network Number,0,0,0,NULL,1,0,0,0,NULL,1,0,0,0,0,0,,0,,0,0,0,0,90,,NULL,0,NULL,,0,0,0,0,0,1,NULL,0,1,1,thirdpartycerts@aisgroup.co.uk,0,1,0,0,0,0,0,0,AIS,,0,0
43,QISC,a73da056-ec4d-4c30-be5b-fc1359559b6f,1,0,,,Client,Project,0,0,0,0,0,0,0,0,0,0,QI,1,0,0,0,1,0,0,1,0,QISC,qisc,0,0,0,1,8,120,90,60,0,0,,0,,0,Team,0,0,0,0,Passport Number,Employee Number,0,0,0,0,0,0,1,0,NULL,1,1,,30,0,0,1,0,Event Tracker,079698ed-6e05-4ecc-2ad3-08d94a9eb0fe,0,0,0,1,0,0,,0,0,0,0,0,Business Stream,0,,0,1,0,,30,0,0,,0,0,1,0,0,1,,1,,1,,1,,1,,,,,,,,,,,,,,,,,,,,,,,,,,,,,0,,0,1,0,?,0,0,0,0,NULL,NULL,NULL,1,0,0,5,0,1,0,0,0,1,1,1,1,1,0,Expense Code,0,,,1119,Network Number,0,0,0,NULL,1,0,0,0,NULL,1,0,0,0,0,0,,0,NULL,0,0,0,0,90,,NULL,0,NULL,,0,0,0,0,0,1,NULL,0,1,1,thirdpartycerts@aisgroup.co.uk,0,1,0,0,0,0,0,0,AIS,,0,0
44,TechnipFMC,be13442d-7379-4918-9f17-8e6c77464281,1,0,TechnipFMC@ais-survivex.com,TechnipFMC@ais-survivex.com,Company,Department,0,0,0,0,0,0,0,0,0,0,TF,1,0,0,0,1,0,0,1,0,Technip FMC - TMS,technipfmc,0,0,0,1,8,120,90,60,0,0,TechnipFMC@ais-survivex.com,0,,0,Team,0,0,0,0,NI Number,Employee Number,0,0,0,0,0,0,1,0,NULL,1,1,,30,0,0,1,0,Event Tracker,f8dccbd0-0d80-4edc-7648-08d9871a1311,0,0,0,1,0,0,,0,0,0,0,0,Business Stream,0,,0,1,0,,30,0,0,,0,0,1,0,0,1,,1,,1,,1,,1,,,,,,,,,,,,,,,,,,,,,,,,,,,,,0,,0,1,0,£,0,0,0,0,NULL,NULL,NULL,1,0,0,5,0,1,0,0,0,1,1,1,1,1,0,Expense Code,0,,,1119,Network Number,0,0,0,NULL,1,0,0,0,NULL,1,0,0,0,0,0,,0,,0,0,0,0,90,,NULL,0,NULL,,1,0,1,0,0,1,NULL,0,1,1,thirdpartycerts@aisgroup.co.uk,0,1,0,0,0,0,0,0,TechnipFMC,,0,0
45,StorkUK,c66a3206-6648-4ee0-a997-ed41598dd639,1,1,"stork@ais-survivex.com ",,Client,Project,0,0,0,1,0,0,0,0,0,0,SUK,1,1,0,0,1,0,0,1,1,Stork (TMS),storkuk,0,0,0,1,8,120,90,60,0,0,,1,"stork@ais-survivex.com ",0,Team,0,0,0,0,NI Number,Employee Number,0,0,0,0,0,0,1,0,NULL,1,0,,30,1,0,1,0,Event Tracker,0c3877d1-d0a8-4b52-9ac9-08d9e4a8b8ce,0,0,0,1,0,0,stork@ais-survivex.com,0,0,0,0,0,Business Stream,0,,0,1,0,,30,0,0,,0,0,1,0,0,1,"stork@ais-survivex.com ",1,,1,"stork@ais-survivex.com ",0,,1,"stork@ais-survivex.com ",,,"stork@ais-survivex.com ","stork@ais-survivex.com ","stork@ais-survivex.com ","stork@ais-survivex.com ",,,,,,,"stork@ais-survivex.com ",,"stork@ais-survivex.com ",,"stork@ais-survivex.com ","stork@ais-survivex.com ",,,"stork@ais-survivex.com ","stork@ais-survivex.com ",,,,,,0,trainingaberdeen@stork.com,1,1,0,£,0,0,0,0,NULL,NULL,NULL,1,0,0,5,0,1,0,0,0,1,1,1,1,1,0,Expense Code,0,,,1119,Network Number,0,0,0,NULL,1,0,0,0,NULL,1,0,0,0,0,0,stork@ais-survivex.com,0,,0,0,0,0,90,stork@ais-survivex.com,NULL,0,NULL,"Marc.Wood@Stork.com,Vicky.Moir@Stork.com",0,0,0,0,1,1,,0,1,1,thirdpartycerts@aisgroup.co.uk,0,1,0,0,0,0,0,0,Stork UK,,0,0
46,Stork America,d374de2e-ab7b-4bca-86e9-c44f88a91714,1,0,tms@aisgroup.co.uk,tms@aisgroup.co.uk,Client,Project,0,0,0,0,0,0,0,0,0,0,SA,1,0,0,0,1,0,0,1,0,Stork America,storkamerica,0,0,0,1,8,120,90,60,0,0,tms@aisgroup.co.uk,0,,0,Team,0,0,0,0,NI Number,Employee Number,0,0,0,0,0,0,1,0,NULL,1,1,NULL,30,0,0,1,0,Event Tracker,f787540b-7b76-4500-9aca-08d9e4a8b8ce,0,0,0,1,0,0,,0,0,0,0,0,Business Stream,0,NULL,0,1,0,,30,0,0,,0,0,1,0,0,1,,1,,1,,1,,1,,,,,,,,,,,,,,,,,,,,,,,,,,,,,0,,1,1,0,?,0,0,0,0,NULL,NULL,NULL,1,0,0,NULL,0,1,0,0,0,1,1,1,1,1,0,Expense Code,0,NULL,,0,Network Number,0,0,0,NULL,1,0,0,0,NULL,1,0,0,0,0,0,,0,NULL,0,0,0,0,90,,NULL,0,NULL,,0,0,0,0,0,1,NULL,0,1,1,thirdpartycerts@aisgroup.co.uk,0,1,0,0,0,0,0,0,AIS,,0,0
47,JDR,fd934441-4546-4017-8a1e-3f91139caa45,1,1,ais.training@jdrcables.com,jdrcables@ais-survivex.com,Client,Project,0,0,0,0,0,0,0,0,0,0,JDR,1,0,0,0,1,0,0,1,0,JDR (TMS),jdr,0,0,0,1,8,0,90,60,0,0,,1,"ais.training@jdrcables.com,jdrcables@ais-survivex.com",0,Team,0,0,0,0,NI Number,Employee Number,0,0,0,0,0,0,1,0,NULL,1,1,,30,0,0,1,0,Event Tracker,a09f4d8f-c008-4cf9-9acf-08d9e4a8b8ce,0,0,0,1,0,0,"jdrcables@ais-survivex.com, ais.training@jdrcables.com",0,0,0,0,0,Business Stream,0,,0,1,0,N/A,30,0,0,,0,0,1,0,0,0,,0,,0,,0,,0,,,,"ais.training@jdrcables.com,jdrcables@ais-survivex.com","ais.training@jdrcables.com,jdrcables@ais-survivex.com",,ais.training@jdrcables.com,jdrcables@ais-survivex.com,,,,ais.training@jdrcables.com,,ais.training@jdrcables.com,,ais.training@jdrcables.com,,"ais.training@jdrcables.com,jdrcables@ais-survivex.com",,ais.training@jdrcables.com,,"ais.training@jdrcables.com,jdrcables@ais-survivex.com","ais.training@jdrcables.com,jdrcables@ais-survivex.com",,,,,N/A,0,,1,1,0,£,0,0,0,0,NULL,NULL,NULL,1,0,0,5,0,1,0,0,0,1,0,1,1,1,0,Expense Code,0,,,1518,Network Number,0,0,0,NULL,1,0,0,0,NULL,1,0,1,0,0,0,,0,,0,0,0,0,90,"jdrcables@ais-survivex.com, ais.training@jdrcables.com",NULL,0,NULL,N/A,0,0,0,0,0,1,,0,1,0,,0,1,0,0,0,0,0,0,JDR,,0,0
48,Opal,e8d1c27d-c333-4d0a-8d2f-ab1202ca5bc8,1,0,tms@aisgroup.co.uk,tms@aisgroup.co.uk,Client,Project,0,1,0,0,0,0,0,0,0,0,OP,1,0,0,0,1,0,0,1,0,Opal (TMS),opal,0,0,0,1,8,120,90,60,0,0,tms@aisgroup.co.uk,0,,0,Team,0,0,0,0,National ID Number,Candidate ID,0,0,0,1,0,0,1,0,NULL,1,1,,30,1,0,1,0,Event Tracker,ce1b66a7-bfde-40a9-42ff-08da83abed01,0,0,0,1,0,0,,0,0,0,0,0,Business Stream,0,,0,1,0,,30,0,0,,0,0,1,0,0,1,,1,,1,,1,,1,,,,,,,,,,,,,,,,,,,,,,,,,,,,,0,,1,1,0,?,0,0,0,0,NULL,NULL,NULL,1,0,0,5,0,1,1,0,0,1,1,1,1,1,0,Expense Code,0,,,1119,Network Number,0,0,0,NULL,1,1,0,0,NULL,1,0,0,0,0,0,,0,,0,0,0,0,90,,NULL,0,NULL,,0,0,0,0,0,1,NULL,0,1,0,NULL,0,1,0,0,0,0,0,0,AIS,,0,0
49,Advance Global Recruitment,fe1a65fe-3c8f-4857-9402-87f763e1af23,1,1,booking@agrl.co.uk,argtraining@ais-survivex.com,Client,Project,0,0,0,0,0,0,0,0,0,0,AGR,1,0,0,0,1,0,0,1,0,Advance Global Recruitment (AGR) - TMS,agr,0,0,0,1,8,120,90,60,0,0,booking@agrl.co.uk,0,,0,Team,0,0,0,0,NI Number,Employee Number,0,0,0,0,0,0,1,0,NULL,1,1,,30,0,0,1,0,Event Tracker,3f9d5055-3f87-4e7e-42fe-08da83abed01,0,0,0,1,0,0,Booking@agrl.co.uk; agrtraining@ais-survivex.com,0,0,0,0,0,Business Stream,0,,0,1,0,Booking@agrl.co.uk,30,0,0,,0,0,1,0,0,1,booking@agrl.co.uk,1,,1,,1,booking@agrl.co.uk,1,booking@agrl.co.uk,,"booking@agrl.co.uk,argtraining@ais-survivex.com",,"booking@agrl.co.uk,argtraining@ais-survivex.com",,"booking@agrl.co.uk,argtraining@ais-survivex.com","booking@agrl.co.uk,argtraining@ais-survivex.com","booking@agrl.co.uk,argtraining@ais-survivex.com",,,booking@agrl.co.uk,booking@agrl.co.uk,,,booking@agrl.co.uk,,booking@agrl.co.uk,,booking@agrl.co.uk,,"booking@agrl.co.uk,argtraining@ais-survivex.com","booking@agrl.co.uk,argtraining@ais-survivex.com",,,,booking@agrl.co.uk,Booking@agrl.co.uk,0,,1,1,0,£,0,0,0,0,NULL,NULL,NULL,1,0,0,5,0,1,0,0,0,0,0,1,1,0,0,Expense Code,0,,,1119,Network Number,0,0,0,NULL,1,0,0,0,NULL,1,0,0,0,0,0,agrtraining@ais-survivex.com,0,,0,0,0,0,90,,NULL,0,NULL,danielle.wood@agrl.co.uk,0,0,0,0,0,1,,0,1,0,Booking@agrl.co.uk,1,1,0,0,0,0,0,0,AIS,,0,0
50,Euro Mechanical,ff165951-72ee-46cb-83fa-16dd82bbee85,1,1,siyad.kinattingal@euromechanical.com,,Client,Project,0,0,1,0,0,0,0,0,0,0,EM,1,0,0,0,0,0,0,1,0,Euro Mechanical TMS,euromechanical,0,0,0,1,8,120,90,60,1,0,siyad.kinattingal@euromechanical.com,0,,0,Team,0,0,0,0,Employee Number,Emirates ID Number,0,0,0,0,0,0,1,0,NULL,1,1,,30,1,0,1,0,Event Tracker,d4f3d1e7-5f20-412a-4300-08da83abed01,0,0,0,1,0,0,,0,0,0,0,0,Business Stream,0,,0,1,0,,30,0,0,,0,0,1,0,0,0,,0,,1,,0,,0,,,,siyad.kinattingal@euromechanical.com,siyad.kinattingal@euromechanical.com,,,,,,,siyad.kinattingal@euromechanical.com,,siyad.kinattingal@euromechanical.com,,,,,,,,,siyad.kinattingal@euromechanical.com,,,,,,0,,1,1,0,,0,1,0,0,NULL,NULL,NULL,1,0,0,5,0,1,0,0,0,1,0,1,1,1,0,Expense Code,0,,,1518,Network Number,0,0,0,NULL,1,0,0,1,NULL,1,0,1,0,0,0,,0,,0,0,0,1,90,siyad.kinattingal@euromechanical.com,NULL,0,NULL,siyad.kinattingal@euromechanical.com,0,1,0,0,0,1,,0,1,0,,1,1,0,0,0,0,0,0,AIS,,1,0
51,ABC,f7a3e308-80a4-4acd-8986-5eedc9e1d25a,1,0,tms@aisgroup.co.uk,tms@aisgroup.co.uk,Client,Project,0,0,0,0,0,0,0,0,0,0,ABC,1,0,0,0,1,0,0,1,0,ABC (TMS),abc,0,0,0,1,8,120,90,60,0,0,tms@aisgroup.co.uk,0,,0,Team,0,0,0,0,NI Number,Employee Number,0,0,0,0,0,0,1,0,NULL,1,1,NULL,30,0,0,1,0,Event Tracker,NULL,0,0,0,1,0,0,,0,0,0,0,0,Business Stream,0,NULL,0,1,0,,30,0,0,,0,0,1,0,0,1,,1,,1,,1,,1,,,,,,,,,,,,,,,,,,,,,,,,,,,,,0,,1,1,0,?,0,0,0,0,NULL,NULL,NULL,1,0,0,NULL,0,1,0,0,0,1,1,1,1,1,0,Expense Code,0,NULL,,0,Network Number,0,0,0,NULL,1,0,0,0,NULL,1,0,0,0,0,0,,0,NULL,0,0,0,0,90,,NULL,0,NULL,,0,0,0,0,0,1,NULL,0,1,0,NULL,0,1,0,0,0,0,0,0,AIS,,0,0
52,Muehlhan,0f1093ab-28d4-4434-af4b-981c3a192de1,1,0,tms@aisgroup.co.uk,tms@aisgroup.co.uk,Client,Project,0,0,0,0,0,0,0,0,0,0,MEU,1,0,0,0,1,0,0,1,0,Muehlhan Wind TMS,muehlhan,0,0,0,1,8,120,90,60,0,0,tms@aisgroup.co.uk,0,,0,Team,0,0,0,0,NI Number,Employee Number,0,0,0,0,0,0,1,0,NULL,1,1,NULL,30,0,0,1,0,Event Tracker,NULL,0,0,0,1,0,0,,0,0,0,0,0,Business Stream,0,NULL,0,1,0,,30,0,0,,0,0,1,0,0,1,,1,,1,,1,,1,,,,,,,,,,,,,,,,,,,,,,,,,,,,,0,,1,1,0,?,0,0,0,0,NULL,NULL,NULL,1,0,0,NULL,0,1,0,0,0,1,1,1,1,1,0,Expense Code,0,NULL,,0,Network Number,0,0,0,NULL,1,0,0,0,NULL,1,0,0,0,0,0,,0,NULL,0,0,0,0,90,,NULL,0,NULL,,0,0,0,0,0,1,NULL,0,1,0,NULL,0,1,0,0,0,0,0,0,AIS,,0,0
53,Eastgate Engineering,1a2e3546-16a4-49fd-b06f-43c6745649b8,1,0,tms@aisgroup.co.uk,tms@aisgroup.co.uk,Client,Project,0,0,0,0,0,0,0,0,0,0,EENG,1,0,0,0,1,0,0,1,0,Eastgate Engineering TMS,eastgateengineering,0,0,0,1,8,120,90,60,0,0,tms@aisgroup.co.uk,0,,0,Team,0,0,0,0,NI Number,Employee Number,0,0,0,0,0,0,1,0,NULL,1,1,,30,0,0,1,0,Event Tracker,NULL,0,0,0,1,0,0,,0,0,0,0,0,Business Stream,0,,0,1,0,,30,0,0,,0,0,1,0,0,1,,1,,1,,1,,1,,,,,,,,,,,,,,,,,,,,,,,,,,,,,0,,1,1,0,?,0,0,0,0,NULL,NULL,NULL,1,0,0,5,0,1,0,0,0,1,1,1,1,1,0,Expense Code,0,,,0,Network Number,0,0,0,NULL,1,1,0,0,NULL,1,0,0,0,0,0,,0,,0,0,0,0,90,,NULL,0,NULL,,0,0,0,0,0,1,NULL,0,1,0,NULL,0,1,0,0,0,0,0,0,AIS,,0,0
54,Correll,217fc89a-58c0-455c-8c90-b3910e9faf8c,1,0,tms@aisgroup.co.uk,tms@aisgroup.co.uk,Client,Project,0,0,0,0,0,0,0,0,0,0,COR,1,0,0,0,1,0,0,1,0,Correll Services TMS,correll,0,0,0,1,8,120,90,60,0,0,tms@aisgroup.co.uk,0,,0,Team,0,0,0,0,NI Number,Employee Number,0,0,0,0,0,0,1,0,NULL,1,1,NULL,30,0,0,1,0,Event Tracker,NULL,0,0,0,1,0,0,,0,0,0,0,0,Business Stream,0,NULL,0,1,0,,30,0,0,,0,0,1,0,0,1,,1,,1,,1,,1,,,,,,,,,,,,,,,,,,,,,,,,,,,,,0,,1,1,0,?,0,0,0,0,NULL,NULL,NULL,1,0,0,NULL,0,1,0,0,0,1,1,1,1,1,0,Expense Code,0,NULL,,0,Network Number,0,0,0,NULL,1,0,0,0,NULL,1,0,0,0,0,0,,0,NULL,0,0,0,0,90,,NULL,0,NULL,,0,0,0,0,0,1,NULL,0,1,0,NULL,0,1,0,0,0,0,0,0,AIS,,0,0
55,SADA,3f7521a7-088a-444d-b187-e2093d067320,1,0,,,Client,Project,0,0,0,0,0,0,0,0,0,0,SAD,1,0,0,0,1,0,0,1,0,SADA (TMS),sada,0,0,0,1,8,120,90,60,0,0,,0,,0,Teams links to CMS Team,0,0,0,0,NI Number,Employee Number,0,0,0,0,0,0,1,0,NULL,1,0,,30,1,0,0,0,Event Tracker,NULL,0,0,0,1,0,0,,0,0,0,0,0,Business Stream,0,,0,1,0,,30,0,0,,0,0,1,0,0,0,,0,,0,,0,,0,,,,,,,,,,,,,,,,,,,,,,,,,,,,,0,,1,1,0,,0,0,0,0,NULL,NULL,NULL,1,0,0,5,0,1,0,0,0,0,0,0,1,0,0,Expense Code,0,,,0,Network Number,0,0,0,NULL,1,1,1,0,NULL,1,0,0,0,0,0,,0,,0,0,0,0,90,,NULL,0,NULL,,0,0,0,1,0,0,,0,1,0,,0,1,1,0,0,0,0,0,AIS,,1,0
56,Sparrows,45c26631-877a-4b29-b1fa-33aada13866b,1,0,sparrows.training@ais-surviviex.com,sparrows.training@ais-surviviex.com,Client,Project,0,0,0,0,0,0,0,0,0,0,SPA,2,0,0,0,1,0,0,1,0,Sparrows (TMS),sparrows,0,0,0,1,8,120,90,60,0,0,sparrows.training@ais-surviviex.com,0,,0,Team,0,0,0,0,NI Number,Employee Number,0,0,0,0,0,0,1,0,NULL,1,1,,30,0,0,1,0,Event Tracker,2192ea87-9260-47fb-430c-08da83abed01,0,0,0,1,0,0,,0,0,0,0,0,Business Stream,0,,0,1,0,,30,0,0,,0,0,1,0,0,1,,1,,1,,1,,1,sparrows.training@ais-surviviex.com,,sparrows.training@ais-surviviex.com,,,,,sparrows.training@ais-surviviex.com,sparrows.training@ais-surviviex.com,,,,,,,,,,,,,sparrows.training@ais-surviviex.com,sparrows.training@ais-surviviex.comd,,,,,,0,,1,1,0,?,0,1,0,0,NULL,NULL,NULL,1,0,0,5,0,1,0,0,0,1,1,1,1,1,0,Expense Code,0,,,1518,Job Number,0,0,0,NULL,1,0,0,0,NULL,1,0,0,0,0,0,,0,,0,0,0,0,90,,NULL,0,NULL,,0,0,0,0,0,1,,0,1,0,,0,1,0,0,0,0,0,0,AIS,,0,0
57,Wales & West Utilities,51284bfd-b640-42bc-8b2e-0c416a305d3a,1,0,tms@aisgroup.co.uk,tms@aisgroup.co.uk,Client,Project,0,0,0,0,0,0,0,0,0,0,WWU,1,0,0,0,1,0,0,1,0,Wales & West Utilities (TMS),wwu,0,0,0,1,8,120,90,60,0,0,tms@aisgroup.co.uk,0,,0,Team,0,0,0,0,NI Number,Employee Number,0,0,0,0,0,0,1,0,NULL,1,1,NULL,30,0,0,1,0,Event Tracker,b5f026fe-272b-4dd5-430d-08da83abed01,0,0,0,1,0,0,,0,0,0,0,0,Business Stream,0,NULL,0,1,0,,30,0,0,,0,0,1,0,0,1,,1,,1,,1,,1,,,,,,,,,,,,,,,,,,,,,,,,,,,,,0,,1,1,0,?,0,0,0,0,NULL,NULL,NULL,1,0,0,NULL,0,1,0,0,0,1,1,1,1,1,0,Expense Code,0,NULL,,0,Network Number,0,0,0,NULL,1,0,0,0,NULL,1,0,0,0,0,0,,0,NULL,0,0,0,0,90,,NULL,0,NULL,,0,0,0,0,0,1,NULL,0,1,0,NULL,0,1,0,0,0,0,0,0,AIS,,0,0
58,Equinor,6e3b8bda-3e69-4f9f-a81d-25a77ba14ebc,1,0,tms@aisgroup.co.uk,tms@aisgroup.co.uk,Client,Project,0,0,0,0,0,0,0,0,0,0,EQU,1,0,0,0,1,0,0,1,0,AIS SURVIVEX TMS - EQUINOR,equinor,0,0,0,1,8,120,90,60,0,0,tms@aisgroup.co.uk,0,,0,Team,0,0,0,0,NI Number,Employee Number,0,0,0,0,0,0,1,0,NULL,1,1,NULL,30,0,0,1,0,Event Tracker,NULL,0,0,0,1,0,0,,0,0,0,0,0,Business Stream,0,NULL,0,1,0,,30,0,0,,0,0,1,0,0,1,,1,,1,,1,,1,,,,,,,,,,,,,,,,,,,,,,,,,,,,,0,,1,1,0,?,0,0,0,0,NULL,NULL,NULL,1,0,0,NULL,0,1,0,0,0,1,1,1,1,1,0,Expense Code,0,NULL,,0,Network Number,0,0,0,NULL,1,0,0,0,NULL,1,0,0,0,0,0,,0,NULL,0,0,0,0,90,,NULL,0,NULL,,0,0,0,0,0,1,NULL,0,1,0,NULL,0,1,0,0,0,0,0,0,AIS,,0,0
59,Ineos,70232cd1-31e4-40f6-bb71-b53a60ce5f98,1,0,tms@aisgroup.co.uk,tms@aisgroup.co.uk,Client,Project,0,0,0,0,0,0,0,0,0,0,INE,1,0,0,0,1,0,0,1,0,,Ineos,0,0,0,1,8,120,90,60,0,0,tms@aisgroup.co.uk,0,,0,Team,0,0,0,0,NI Number,Employee Number,0,0,0,0,0,0,1,0,NULL,1,1,NULL,30,0,0,1,0,Event Tracker,NULL,0,0,0,1,0,0,,0,0,0,0,0,Business Stream,0,NULL,0,1,0,,30,0,0,,0,0,1,0,0,1,,1,,1,,1,,1,,,,,,,,,,,,,,,,,,,,,,,,,,,,,0,,1,1,0,?,0,0,0,0,NULL,NULL,NULL,1,0,0,NULL,0,1,0,0,0,1,1,1,1,1,0,Expense Code,0,NULL,,0,Network Number,0,0,0,NULL,1,0,0,0,NULL,1,0,0,0,0,0,,0,NULL,0,0,0,0,90,,NULL,0,NULL,,0,0,0,0,0,1,NULL,0,1,0,NULL,0,1,0,0,0,0,0,0,AIS,,0,0
60,Apache,8d3741e0-2a08-4901-8111-d7d53615bd42,1,0,tms@aisgroup.co.uk,tms@aisgroup.co.uk,Client,Project,0,0,0,0,0,0,0,0,0,0,AP,1,0,0,0,1,0,0,1,0,Survivex TMS - Apache,apache,0,0,0,1,8,120,90,60,0,0,tms@aisgroup.co.uk,0,,0,Team,0,0,0,0,NI Number,Employee Number,0,0,0,0,0,0,1,0,NULL,1,1,NULL,30,0,0,1,0,Event Tracker,3ebac675-5178-45d3-430f-08da83abed01,0,0,0,1,0,0,,0,0,0,0,0,Business Stream,0,NULL,0,1,0,,30,0,0,,0,0,1,0,0,1,,1,,1,,1,,1,,,,,,,,,,,,,,,,,,,,,,,,,,,,,0,,1,1,0,?,0,0,0,0,NULL,NULL,NULL,1,0,0,NULL,0,1,0,0,0,1,1,1,1,1,0,Expense Code,0,NULL,,0,Network Number,0,0,0,NULL,1,0,0,0,NULL,1,0,0,0,0,0,,0,NULL,0,0,0,0,90,,NULL,0,NULL,,0,0,0,0,0,1,NULL,0,1,0,NULL,0,1,0,0,0,0,0,0,AIS,,0,0
61,ORE Catapult,9fd26be8-f74a-4503-92c1-345bc436c8f1,1,0,tms@aisgroup.co.uk,tms@aisgroup.co.uk,Client,Project,0,0,0,0,0,0,0,0,0,0,ORE,1,0,0,0,1,0,0,1,0,AIS SURVIVEX TMS - ORE Catapult,ORECatapult,0,0,0,1,8,120,90,60,0,0,tms@aisgroup.co.uk,0,,0,Team,0,0,0,0,NI Number,Employee Number,0,0,0,0,0,0,1,0,NULL,1,1,NULL,30,0,0,1,0,Event Tracker,NULL,0,0,0,1,0,0,,0,0,0,0,0,Business Stream,0,NULL,0,1,0,,30,0,0,,0,0,1,0,0,1,,1,,1,,1,,1,,,,,,,,,,,,,,,,,,,,,,,,,,,,,0,,1,1,0,?,0,0,0,0,NULL,NULL,NULL,1,0,0,NULL,0,1,0,0,0,1,1,1,1,1,0,Expense Code,0,NULL,,0,Network Number,0,0,0,NULL,1,0,0,0,NULL,1,0,0,0,0,0,,0,NULL,0,0,0,0,90,,NULL,0,NULL,,0,0,0,0,0,1,NULL,0,1,0,NULL,0,1,0,0,0,0,0,0,AIS,,0,0
